,id,time,latitude,longitude,elevation,name
0,0,2023-08-27 22:34:20+00:00,10.73101,106.623658,-37.8,Morning Run
1,1,2023-08-27 22:34:21+00:00,10.73101,106.623658,-37.8,Morning Run
2,2,2023-08-27 22:34:30+00:00,10.73101,106.623658,-37.6,Morning Run
3,3,2023-08-27 22:34:31+00:00,10.73101,106.623658,-37.6,Morning Run
4,4,2023-08-27 22:34:32+00:00,10.73101,106.623658,-37.6,Morning Run
5,5,2023-08-27 22:34:33+00:00,10.73101,106.623658,-37.6,Morning Run
6,6,2023-08-27 22:34:34+00:00,10.73101,106.623658,-37.6,Morning Run
7,7,2023-08-27 22:34:35+00:00,10.73101,106.623658,-37.6,Morning Run
8,8,2023-08-27 22:34:41+00:00,10.73101,106.623658,-38.2,Morning Run
9,9,2023-08-27 22:34:43+00:00,10.73101,106.623658,-38.2,Morning Run
10,10,2023-08-27 22:34:53+00:00,10.73101,106.623658,-38.2,Morning Run
11,11,2023-08-27 22:34:57+00:00,10.730992,106.623728,-38.2,Morning Run
12,12,2023-08-27 22:35:01+00:00,10.73106,106.623784,-38.2,Morning Run
13,13,2023-08-27 22:35:06+00:00,10.731111,106.623902,-38.2,Morning Run
14,14,2023-08-27 22:35:10+00:00,10.731118,106.624003,-38.0,Morning Run
15,15,2023-08-27 22:35:12+00:00,10.731119,106.624054,-38.0,Morning Run
16,16,2023-08-27 22:35:18+00:00,10.73112,106.624218,-38.0,Morning Run
17,17,2023-08-27 22:35:22+00:00,10.731125,106.624293,-38.2,Morning Run
18,18,2023-08-27 22:35:25+00:00,10.731122,106.624362,-38.2,Morning Run
19,19,2023-08-27 22:35:30+00:00,10.73112,106.62446,-37.8,Morning Run
20,20,2023-08-27 22:35:31+00:00,10.731118,106.624486,-37.8,Morning Run
21,21,2023-08-27 22:35:34+00:00,10.731113,106.624549,-37.8,Morning Run
22,22,2023-08-27 22:35:38+00:00,10.731144,106.624612,-38.0,Morning Run
23,23,2023-08-27 22:35:40+00:00,10.731154,106.624655,-37.8,Morning Run
24,24,2023-08-27 22:35:47+00:00,10.731169,106.62482,-37.8,Morning Run
25,25,2023-08-27 22:35:55+00:00,10.731157,106.625007,-37.8,Morning Run
26,26,2023-08-27 22:35:57+00:00,10.73115,106.625057,-37.8,Morning Run
27,27,2023-08-27 22:36:04+00:00,10.731147,106.625221,-38.0,Morning Run
28,28,2023-08-27 22:36:11+00:00,10.731146,106.625369,-38.0,Morning Run
29,29,2023-08-27 22:36:13+00:00,10.731149,106.625414,-38.0,Morning Run
30,30,2023-08-27 22:36:14+00:00,10.731153,106.625435,-38.0,Morning Run
31,31,2023-08-27 22:36:17+00:00,10.731157,106.625505,-38.2,Morning Run
32,32,2023-08-27 22:36:22+00:00,10.731139,106.625616,-38.2,Morning Run
33,33,2023-08-27 22:36:29+00:00,10.731154,106.625746,-38.2,Morning Run
34,34,2023-08-27 22:36:30+00:00,10.731156,106.625738,-38.2,Morning Run
35,35,2023-08-27 22:36:33+00:00,10.73114,106.625691,-38.2,Morning Run
36,36,2023-08-27 22:36:34+00:00,10.731129,106.625668,-38.2,Morning Run
37,37,2023-08-27 22:36:40+00:00,10.731059,106.625526,-38.0,Morning Run
38,38,2023-08-27 22:36:42+00:00,10.731046,106.625484,-37.8,Morning Run
39,39,2023-08-27 22:36:50+00:00,10.731049,106.62533,-37.8,Morning Run
40,40,2023-08-27 22:36:53+00:00,10.731045,106.625265,-37.8,Morning Run
41,41,2023-08-27 22:36:57+00:00,10.731022,106.625171,-37.6,Morning Run
42,42,2023-08-27 22:37:03+00:00,10.731015,106.625037,-37.4,Morning Run
43,43,2023-08-27 22:37:12+00:00,10.730977,106.624838,-37.6,Morning Run
44,44,2023-08-27 22:37:16+00:00,10.730975,106.624749,-37.4,Morning Run
45,45,2023-08-27 22:37:19+00:00,10.73098,106.624696,-37.4,Morning Run
46,46,2023-08-27 22:37:22+00:00,10.730988,106.624621,-37.4,Morning Run
47,47,2023-08-27 22:37:24+00:00,10.73096,106.624591,-37.2,Morning Run
48,48,2023-08-27 22:37:28+00:00,10.73094,106.624516,-37.2,Morning Run
49,49,2023-08-27 22:37:29+00:00,10.730942,106.62449,-37.2,Morning Run
50,50,2023-08-27 22:37:35+00:00,10.730981,106.624321,-37.2,Morning Run
51,51,2023-08-27 22:37:36+00:00,10.730995,106.624299,-37.2,Morning Run
52,52,2023-08-27 22:37:38+00:00,10.730994,106.624257,-37.2,Morning Run
53,53,2023-08-27 22:37:39+00:00,10.730988,106.624241,-37.2,Morning Run
54,54,2023-08-27 22:37:42+00:00,10.730985,106.624185,-37.2,Morning Run
55,55,2023-08-27 22:37:44+00:00,10.730998,106.624131,-37.4,Morning Run
56,56,2023-08-27 22:37:45+00:00,10.730993,106.62411,-37.4,Morning Run
57,57,2023-08-27 22:37:48+00:00,10.730978,106.624056,-37.4,Morning Run
58,58,2023-08-27 22:37:50+00:00,10.730971,106.624015,-37.4,Morning Run
59,59,2023-08-27 22:37:52+00:00,10.730967,106.623974,-37.4,Morning Run
60,60,2023-08-27 22:37:57+00:00,10.730965,106.623867,-37.4,Morning Run
61,61,2023-08-27 22:37:58+00:00,10.730963,106.623851,-37.4,Morning Run
62,62,2023-08-27 22:38:01+00:00,10.730942,106.623815,-37.6,Morning Run
63,63,2023-08-27 22:38:03+00:00,10.730935,106.623782,-37.6,Morning Run
64,64,2023-08-27 22:38:06+00:00,10.730903,106.623747,-37.6,Morning Run
65,65,2023-08-27 22:38:08+00:00,10.730876,106.623729,-37.6,Morning Run
66,66,2023-08-27 22:38:11+00:00,10.730829,106.623719,-37.6,Morning Run
67,67,2023-08-27 22:38:13+00:00,10.730791,106.623727,-37.6,Morning Run
68,68,2023-08-27 22:38:19+00:00,10.730679,106.623748,-37.4,Morning Run
69,69,2023-08-27 22:38:25+00:00,10.730607,106.623801,-37.4,Morning Run
70,70,2023-08-27 22:38:31+00:00,10.730531,106.623866,-37.4,Morning Run
71,71,2023-08-27 22:38:36+00:00,10.730414,106.623832,-37.2,Morning Run
72,72,2023-08-27 22:38:43+00:00,10.730256,106.623864,-37.2,Morning Run
73,73,2023-08-27 22:38:50+00:00,10.73008,106.62387,-37.2,Morning Run
74,74,2023-08-27 22:38:57+00:00,10.730007,106.623985,-37.2,Morning Run
75,75,2023-08-27 22:38:58+00:00,10.730005,106.624009,-37.2,Morning Run
76,76,2023-08-27 22:39:01+00:00,10.72998,106.624059,-37.0,Morning Run
77,77,2023-08-27 22:39:02+00:00,10.729981,106.624081,-37.0,Morning Run
78,78,2023-08-27 22:39:04+00:00,10.729994,106.624109,-36.6,Morning Run
79,79,2023-08-27 22:39:05+00:00,10.729998,106.624127,-36.6,Morning Run
80,80,2023-08-27 22:39:13+00:00,10.730012,106.624331,-36.2,Morning Run
81,81,2023-08-27 22:39:15+00:00,10.730012,106.624303,-36.2,Morning Run
82,82,2023-08-27 22:39:16+00:00,10.730031,106.624269,-36.2,Morning Run
83,83,2023-08-27 22:39:17+00:00,10.730014,106.624298,-36.2,Morning Run
84,84,2023-08-27 22:39:19+00:00,10.729957,106.624378,-36.2,Morning Run
85,85,2023-08-27 22:39:26+00:00,10.729797,106.624453,-36.4,Morning Run
86,86,2023-08-27 22:39:27+00:00,10.729788,106.624475,-36.4,Morning Run
87,87,2023-08-27 22:39:28+00:00,10.729768,106.624489,-36.4,Morning Run
88,88,2023-08-27 22:39:31+00:00,10.729709,106.624549,-36.4,Morning Run
89,89,2023-08-27 22:39:37+00:00,10.72958,106.624694,-36.4,Morning Run
90,90,2023-08-27 22:39:44+00:00,10.729482,106.624836,-36.2,Morning Run
91,91,2023-08-27 22:39:48+00:00,10.729467,106.624899,-36.4,Morning Run
92,92,2023-08-27 22:39:49+00:00,10.729504,106.624921,-36.4,Morning Run
93,93,2023-08-27 22:39:50+00:00,10.729569,106.62496,-36.4,Morning Run
94,94,2023-08-27 22:39:54+00:00,10.729647,106.625021,-36.4,Morning Run
95,95,2023-08-27 22:39:58+00:00,10.729732,106.625038,-36.2,Morning Run
96,96,2023-08-27 22:39:59+00:00,10.729751,106.625041,-36.2,Morning Run
97,97,2023-08-27 22:40:05+00:00,10.729889,106.62506,-36.0,Morning Run
98,98,2023-08-27 22:40:11+00:00,10.730018,106.625031,-36.2,Morning Run
99,99,2023-08-27 22:40:12+00:00,10.730024,106.625014,-36.2,Morning Run
100,100,2023-08-27 22:40:17+00:00,10.730042,106.624928,-36.2,Morning Run
101,101,2023-08-27 22:40:18+00:00,10.730039,106.624905,-36.2,Morning Run
102,102,2023-08-27 22:40:22+00:00,10.730021,106.624834,-36.2,Morning Run
103,103,2023-08-27 22:40:23+00:00,10.730007,106.624824,-36.2,Morning Run
104,104,2023-08-27 22:40:28+00:00,10.729982,106.624725,-36.0,Morning Run
105,105,2023-08-27 22:40:35+00:00,10.729895,106.624541,-36.0,Morning Run
106,106,2023-08-27 22:40:40+00:00,10.729859,106.624364,-36.0,Morning Run
107,107,2023-08-27 22:40:41+00:00,10.7299,106.624358,-36.2,Morning Run
108,108,2023-08-27 22:40:43+00:00,10.729974,106.624343,-36.0,Morning Run
109,109,2023-08-27 22:40:46+00:00,10.73005,106.624325,-36.0,Morning Run
110,110,2023-08-27 22:40:53+00:00,10.730244,106.624289,-36.2,Morning Run
111,111,2023-08-27 22:41:01+00:00,10.730543,106.624262,-36.2,Morning Run
112,112,2023-08-27 22:41:07+00:00,10.730725,106.624226,-36.0,Morning Run
113,113,2023-08-27 22:41:08+00:00,10.730743,106.624192,-36.0,Morning Run
114,114,2023-08-27 22:41:14+00:00,10.730751,106.624118,-36.0,Morning Run
115,115,2023-08-27 22:41:16+00:00,10.730734,106.62407,-36.0,Morning Run
116,116,2023-08-27 22:41:17+00:00,10.730716,106.624072,-36.0,Morning Run
117,117,2023-08-27 22:41:20+00:00,10.730649,106.624051,-36.0,Morning Run
118,118,2023-08-27 22:41:22+00:00,10.730613,106.624003,-36.2,Morning Run
119,119,2023-08-27 22:41:29+00:00,10.730543,106.623927,-36.2,Morning Run
120,120,2023-08-27 22:41:32+00:00,10.730513,106.62388,-36.2,Morning Run
121,121,2023-08-27 22:41:35+00:00,10.730438,106.62386,-36.2,Morning Run
122,122,2023-08-27 22:41:37+00:00,10.730434,106.623809,-36.4,Morning Run
123,123,2023-08-27 22:41:39+00:00,10.730473,106.623759,-36.6,Morning Run
124,124,2023-08-27 22:41:42+00:00,10.730529,106.623705,-37.0,Morning Run
125,125,2023-08-27 22:41:45+00:00,10.730599,106.623669,-37.0,Morning Run
126,126,2023-08-27 22:41:46+00:00,10.730625,106.623666,-37.2,Morning Run
127,127,2023-08-27 22:41:49+00:00,10.730703,106.62366,-37.2,Morning Run
128,128,2023-08-27 22:41:53+00:00,10.730825,106.623665,-37.2,Morning Run
129,129,2023-08-27 22:41:58+00:00,10.730951,106.623776,-37.2,Morning Run
130,130,2023-08-27 22:42:05+00:00,10.731013,106.623888,-37.2,Morning Run
131,131,2023-08-27 22:42:11+00:00,10.731059,106.62404,-37.0,Morning Run
132,132,2023-08-27 22:42:19+00:00,10.731094,106.624237,-37.0,Morning Run
133,133,2023-08-27 22:42:20+00:00,10.731092,106.624267,-37.0,Morning Run
134,134,2023-08-27 22:42:22+00:00,10.731117,106.62431,-37.0,Morning Run
135,135,2023-08-27 22:42:24+00:00,10.731128,106.624337,-38.2,Morning Run
136,136,2023-08-27 22:42:25+00:00,10.73113,106.624353,-38.2,Morning Run
137,137,2023-08-27 22:42:31+00:00,10.73115,106.62449,-38.4,Morning Run
138,138,2023-08-27 22:42:32+00:00,10.731152,106.624516,-38.6,Morning Run
139,139,2023-08-27 22:42:34+00:00,10.731158,106.624564,-38.6,Morning Run
140,140,2023-08-27 22:42:42+00:00,10.731152,106.624771,-37.8,Morning Run
141,141,2023-08-27 22:42:49+00:00,10.731142,106.624942,-38.0,Morning Run
142,142,2023-08-27 22:42:54+00:00,10.731142,106.625041,-38.0,Morning Run
143,143,2023-08-27 22:43:01+00:00,10.7311,106.625222,-38.4,Morning Run
144,144,2023-08-27 22:43:08+00:00,10.731095,106.625375,-38.4,Morning Run
145,145,2023-08-27 22:43:15+00:00,10.731101,106.625522,-38.4,Morning Run
146,146,2023-08-27 22:43:23+00:00,10.73112,106.625704,-38.8,Morning Run
147,147,2023-08-27 22:43:24+00:00,10.731125,106.625728,-38.8,Morning Run
148,148,2023-08-27 22:43:29+00:00,10.731145,106.625805,-38.8,Morning Run
149,149,2023-08-27 22:43:32+00:00,10.731121,106.625741,-38.8,Morning Run
150,150,2023-08-27 22:43:33+00:00,10.731101,106.625695,-38.8,Morning Run
151,151,2023-08-27 22:43:40+00:00,10.731026,106.625501,-38.8,Morning Run
152,152,2023-08-27 22:43:41+00:00,10.731021,106.625477,-38.8,Morning Run
153,153,2023-08-27 22:43:47+00:00,10.730983,106.625293,-38.8,Morning Run
154,154,2023-08-27 22:43:49+00:00,10.730981,106.625243,-38.8,Morning Run
155,155,2023-08-27 22:43:55+00:00,10.730972,106.625093,-38.6,Morning Run
156,156,2023-08-27 22:44:02+00:00,10.730976,106.624967,-38.4,Morning Run
157,157,2023-08-27 22:44:11+00:00,10.730919,106.624759,-38.4,Morning Run
158,158,2023-08-27 22:44:17+00:00,10.73092,106.624631,-38.4,Morning Run
159,159,2023-08-27 22:44:21+00:00,10.730942,106.62454,-38.2,Morning Run
160,160,2023-08-27 22:44:22+00:00,10.73095,106.624514,-38.2,Morning Run
161,161,2023-08-27 22:44:27+00:00,10.730984,106.624383,-38.4,Morning Run
162,162,2023-08-27 22:44:31+00:00,10.731005,106.624284,-38.4,Morning Run
163,163,2023-08-27 22:44:35+00:00,10.730983,106.6242,-37.2,Morning Run
164,164,2023-08-27 22:44:37+00:00,10.730977,106.624155,-37.2,Morning Run
165,165,2023-08-27 22:44:43+00:00,10.73097,106.624029,-37.6,Morning Run
166,166,2023-08-27 22:44:48+00:00,10.730977,106.623883,-37.4,Morning Run
167,167,2023-08-27 22:44:52+00:00,10.730962,106.623814,-37.6,Morning Run
168,168,2023-08-27 22:44:54+00:00,10.730949,106.623767,-37.8,Morning Run
169,169,2023-08-27 22:44:56+00:00,10.730931,106.623747,-37.8,Morning Run
170,170,2023-08-27 22:45:03+00:00,10.730837,106.623684,-37.6,Morning Run
171,171,2023-08-27 22:45:09+00:00,10.730741,106.623708,-37.8,Morning Run
172,172,2023-08-27 22:45:16+00:00,10.730633,106.623799,-37.2,Morning Run
173,173,2023-08-27 22:45:22+00:00,10.730553,106.623859,-37.4,Morning Run
174,174,2023-08-27 22:45:23+00:00,10.730523,106.623857,-37.4,Morning Run
175,175,2023-08-27 22:45:25+00:00,10.730472,106.623844,-37.4,Morning Run
176,176,2023-08-27 22:45:28+00:00,10.730407,106.623859,-37.4,Morning Run
177,177,2023-08-27 22:45:34+00:00,10.73026,106.623872,-37.6,Morning Run
178,178,2023-08-27 22:45:40+00:00,10.730101,106.623897,-37.4,Morning Run
179,179,2023-08-27 22:45:44+00:00,10.730048,106.623995,-37.6,Morning Run
180,180,2023-08-27 22:45:45+00:00,10.730046,106.624029,-37.6,Morning Run
181,181,2023-08-27 22:45:49+00:00,10.72999,106.624111,-37.6,Morning Run
182,182,2023-08-27 22:45:52+00:00,10.729975,106.624168,-37.0,Morning Run
183,183,2023-08-27 22:45:56+00:00,10.729966,106.624271,-36.6,Morning Run
184,184,2023-08-27 22:45:58+00:00,10.729965,106.624314,-36.6,Morning Run
185,185,2023-08-27 22:45:59+00:00,10.729957,106.62433,-36.6,Morning Run
186,186,2023-08-27 22:46:01+00:00,10.729949,106.62437,-36.6,Morning Run
187,187,2023-08-27 22:46:05+00:00,10.729955,106.624389,-36.2,Morning Run
188,188,2023-08-27 22:46:07+00:00,10.729941,106.624363,-36.4,Morning Run
189,189,2023-08-27 22:46:09+00:00,10.729894,106.624359,-36.6,Morning Run
190,190,2023-08-27 22:46:11+00:00,10.729841,106.624388,-36.8,Morning Run
191,191,2023-08-27 22:46:16+00:00,10.729731,106.624474,-36.8,Morning Run
192,192,2023-08-27 22:46:17+00:00,10.729729,106.624497,-36.8,Morning Run
193,193,2023-08-27 22:46:23+00:00,10.729664,106.624621,-36.6,Morning Run
194,194,2023-08-27 22:46:29+00:00,10.729622,106.624783,-36.8,Morning Run
195,195,2023-08-27 22:46:35+00:00,10.729543,106.624896,-36.8,Morning Run
196,196,2023-08-27 22:46:37+00:00,10.72954,106.624938,-36.6,Morning Run
197,197,2023-08-27 22:46:40+00:00,10.729543,106.624996,-36.6,Morning Run
198,198,2023-08-27 22:46:42+00:00,10.729627,106.625045,-36.6,Morning Run
199,199,2023-08-27 22:46:44+00:00,10.729676,106.625088,-36.6,Morning Run
200,200,2023-08-27 22:46:49+00:00,10.729764,106.625122,-36.2,Morning Run
201,201,2023-08-27 22:46:54+00:00,10.729897,106.625132,-36.2,Morning Run
202,202,2023-08-27 22:47:01+00:00,10.730027,106.62508,-36.4,Morning Run
203,203,2023-08-27 22:47:04+00:00,10.730027,106.625042,-36.4,Morning Run
204,204,2023-08-27 22:47:06+00:00,10.730011,106.624996,-36.4,Morning Run
205,205,2023-08-27 22:47:11+00:00,10.729971,106.624858,-36.2,Morning Run
206,206,2023-08-27 22:47:17+00:00,10.729964,106.624719,-36.2,Morning Run
207,207,2023-08-27 22:47:18+00:00,10.729957,106.624702,-36.4,Morning Run
208,208,2023-08-27 22:47:20+00:00,10.729954,106.624655,-36.4,Morning Run
209,209,2023-08-27 22:47:23+00:00,10.729949,106.624575,-36.2,Morning Run
210,210,2023-08-27 22:47:27+00:00,10.729919,106.624469,-36.0,Morning Run
211,211,2023-08-27 22:47:29+00:00,10.729929,106.624415,-36.0,Morning Run
212,212,2023-08-27 22:47:32+00:00,10.729979,106.624363,-36.2,Morning Run
213,213,2023-08-27 22:47:33+00:00,10.730012,106.624362,-36.2,Morning Run
214,214,2023-08-27 22:47:41+00:00,10.730264,106.62433,-36.0,Morning Run
215,215,2023-08-27 22:47:46+00:00,10.730471,106.624308,-36.2,Morning Run
216,216,2023-08-27 22:47:50+00:00,10.730558,106.62434,-36.2,Morning Run
217,217,2023-08-27 22:47:52+00:00,10.730608,106.62433,-36.2,Morning Run
218,218,2023-08-27 22:47:54+00:00,10.73065,106.62432,-36.2,Morning Run
219,219,2023-08-27 22:47:57+00:00,10.730686,106.624331,-36.2,Morning Run
220,220,2023-08-27 22:47:58+00:00,10.730699,106.624319,-36.0,Morning Run
221,221,2023-08-27 22:48:01+00:00,10.730704,106.624289,-36.2,Morning Run
222,222,2023-08-27 22:48:11+00:00,10.730681,106.624211,-36.4,Morning Run
223,223,2023-08-27 22:48:13+00:00,10.730678,106.624196,-36.4,Morning Run
224,224,2023-08-27 22:48:19+00:00,10.730685,106.624124,-36.2,Morning Run
225,225,2023-08-27 22:48:26+00:00,10.73066,106.624012,-36.4,Morning Run
226,226,2023-08-27 22:48:29+00:00,10.730675,106.623924,-36.8,Morning Run
227,227,2023-08-27 22:48:31+00:00,10.730718,106.623886,-37.2,Morning Run
228,228,2023-08-27 22:48:37+00:00,10.730846,106.623824,-37.6,Morning Run
229,229,2023-08-27 22:48:38+00:00,10.730864,106.623825,-37.6,Morning Run
230,230,2023-08-27 22:48:44+00:00,10.731013,106.623824,-37.6,Morning Run
231,231,2023-08-27 22:48:49+00:00,10.731097,106.623894,-37.4,Morning Run
232,232,2023-08-27 22:48:53+00:00,10.731124,106.62398,-37.6,Morning Run
233,233,2023-08-27 22:48:55+00:00,10.731142,106.624015,-37.6,Morning Run
234,234,2023-08-27 22:48:57+00:00,10.731154,106.624061,-37.6,Morning Run
235,235,2023-08-27 22:48:59+00:00,10.731146,106.6241,-37.6,Morning Run
236,236,2023-08-27 22:49:01+00:00,10.731141,106.62414,-37.6,Morning Run
237,237,2023-08-27 22:49:03+00:00,10.731119,106.624187,-37.6,Morning Run
238,238,2023-08-27 22:49:06+00:00,10.731107,106.624265,-37.4,Morning Run
239,239,2023-08-27 22:49:12+00:00,10.731088,106.624416,-37.4,Morning Run
240,240,2023-08-27 22:49:19+00:00,10.731099,106.624586,-37.4,Morning Run
241,241,2023-08-27 22:49:25+00:00,10.731119,106.624714,-37.4,Morning Run
242,242,2023-08-27 22:49:33+00:00,10.731135,106.62488,-37.8,Morning Run
243,243,2023-08-27 22:49:39+00:00,10.731141,106.625008,-37.8,Morning Run
244,244,2023-08-27 22:49:45+00:00,10.731142,106.625145,-37.8,Morning Run
245,245,2023-08-27 22:49:46+00:00,10.731143,106.625171,-38.0,Morning Run
246,246,2023-08-27 22:49:51+00:00,10.731111,106.625292,-38.0,Morning Run
247,247,2023-08-27 22:49:52+00:00,10.731102,106.625314,-38.0,Morning Run
248,248,2023-08-27 22:49:55+00:00,10.73111,106.62538,-37.8,Morning Run
249,249,2023-08-27 22:50:00+00:00,10.731107,106.625499,-38.0,Morning Run
250,250,2023-08-27 22:50:05+00:00,10.731117,106.625618,-38.6,Morning Run
251,251,2023-08-27 22:50:07+00:00,10.73112,106.625662,-38.6,Morning Run
252,252,2023-08-27 22:50:12+00:00,10.731123,106.625778,-38.8,Morning Run
253,253,2023-08-27 22:50:14+00:00,10.731128,106.625773,-39.0,Morning Run
254,254,2023-08-27 22:50:17+00:00,10.731118,106.6257,-39.0,Morning Run
255,255,2023-08-27 22:50:18+00:00,10.731116,106.625669,-38.8,Morning Run
256,256,2023-08-27 22:50:20+00:00,10.731104,106.625624,-38.8,Morning Run
257,257,2023-08-27 22:50:23+00:00,10.731086,106.625548,-38.6,Morning Run
258,258,2023-08-27 22:50:24+00:00,10.731084,106.625521,-38.6,Morning Run
259,259,2023-08-27 22:50:27+00:00,10.731071,106.625443,-38.8,Morning Run
260,260,2023-08-27 22:50:29+00:00,10.731066,106.625393,-38.8,Morning Run
261,261,2023-08-27 22:50:35+00:00,10.731034,106.625231,-38.8,Morning Run
262,262,2023-08-27 22:50:37+00:00,10.731021,106.625177,-37.6,Morning Run
263,263,2023-08-27 22:50:43+00:00,10.730989,106.625025,-37.6,Morning Run
264,264,2023-08-27 22:50:49+00:00,10.730963,106.624887,-38.4,Morning Run
265,265,2023-08-27 22:50:53+00:00,10.730929,106.624803,-38.6,Morning Run
266,266,2023-08-27 22:50:54+00:00,10.730938,106.624777,-38.6,Morning Run
267,267,2023-08-27 22:50:55+00:00,10.730938,106.62475,-38.6,Morning Run
268,268,2023-08-27 22:51:01+00:00,10.730919,106.624616,-38.8,Morning Run
269,269,2023-08-27 22:51:08+00:00,10.730926,106.624439,-38.4,Morning Run
270,270,2023-08-27 22:51:12+00:00,10.73098,106.624343,-38.4,Morning Run
271,271,2023-08-27 22:51:13+00:00,10.731,106.624308,-38.4,Morning Run
272,272,2023-08-27 22:51:16+00:00,10.730995,106.624232,-37.2,Morning Run
273,273,2023-08-27 22:51:17+00:00,10.730981,106.624214,-37.2,Morning Run
274,274,2023-08-27 22:51:21+00:00,10.730947,106.624155,-37.4,Morning Run
275,275,2023-08-27 22:51:22+00:00,10.730945,106.624132,-37.6,Morning Run
276,276,2023-08-27 22:51:27+00:00,10.730973,106.624028,-37.6,Morning Run
277,277,2023-08-27 22:51:31+00:00,10.730985,106.623947,-37.8,Morning Run
278,278,2023-08-27 22:51:32+00:00,10.73099,106.62391,-37.8,Morning Run
279,279,2023-08-27 22:51:36+00:00,10.730974,106.623828,-38.0,Morning Run
280,280,2023-08-27 22:51:41+00:00,10.730951,106.623735,-38.2,Morning Run
281,281,2023-08-27 22:51:43+00:00,10.730918,106.623733,-38.2,Morning Run
282,282,2023-08-27 22:51:46+00:00,10.73088,106.623702,-38.0,Morning Run
283,283,2023-08-27 22:51:47+00:00,10.730862,106.623692,-38.0,Morning Run
284,284,2023-08-27 22:51:51+00:00,10.73079,106.623663,-38.0,Morning Run
285,285,2023-08-27 22:51:53+00:00,10.730754,106.623659,-38.0,Morning Run
286,286,2023-08-27 22:51:56+00:00,10.7307,106.623679,-38.2,Morning Run
287,287,2023-08-27 22:51:59+00:00,10.730654,106.623731,-38.0,Morning Run
288,288,2023-08-27 22:52:05+00:00,10.730595,106.623807,-37.2,Morning Run
289,289,2023-08-27 22:52:08+00:00,10.730554,106.623841,-37.2,Morning Run
290,290,2023-08-27 22:52:09+00:00,10.730539,106.623848,-37.0,Morning Run
291,291,2023-08-27 22:52:16+00:00,10.730438,106.623937,-37.0,Morning Run
292,292,2023-08-27 22:52:17+00:00,10.730417,106.623942,-37.0,Morning Run
293,293,2023-08-27 22:52:20+00:00,10.730358,106.623933,-37.2,Morning Run
294,294,2023-08-27 22:52:21+00:00,10.730342,106.623922,-37.2,Morning Run
295,295,2023-08-27 22:52:22+00:00,10.73032,106.623927,-37.2,Morning Run
296,296,2023-08-27 22:52:25+00:00,10.730236,106.623936,-37.2,Morning Run
297,297,2023-08-27 22:52:31+00:00,10.730051,106.623989,-36.8,Morning Run
298,298,2023-08-27 22:52:35+00:00,10.729999,106.624057,-37.0,Morning Run
299,299,2023-08-27 22:52:37+00:00,10.729985,106.624111,-37.0,Morning Run
300,300,2023-08-27 22:52:39+00:00,10.729964,106.62415,-37.0,Morning Run
301,301,2023-08-27 22:52:40+00:00,10.72996,106.624172,-36.6,Morning Run
302,302,2023-08-27 22:52:42+00:00,10.729963,106.624233,-36.2,Morning Run
303,303,2023-08-27 22:52:44+00:00,10.729975,106.624302,-36.0,Morning Run
304,304,2023-08-27 22:52:47+00:00,10.729965,106.624351,-36.0,Morning Run
305,305,2023-08-27 22:52:49+00:00,10.729962,106.624386,-35.8,Morning Run
306,306,2023-08-27 22:52:50+00:00,10.729955,106.624388,-35.8,Morning Run
307,307,2023-08-27 22:52:55+00:00,10.729873,106.624364,-35.8,Morning Run
308,308,2023-08-27 22:52:56+00:00,10.729845,106.624358,-35.8,Morning Run
309,309,2023-08-27 22:53:00+00:00,10.729718,106.624362,-36.2,Morning Run
310,310,2023-08-27 22:53:04+00:00,10.729663,106.624415,-36.2,Morning Run
311,311,2023-08-27 22:53:05+00:00,10.729659,106.624434,-36.2,Morning Run
312,312,2023-08-27 22:53:08+00:00,10.729632,106.624503,-36.4,Morning Run
313,313,2023-08-27 22:53:14+00:00,10.729583,106.624655,-36.4,Morning Run
314,314,2023-08-27 22:53:20+00:00,10.72956,106.624814,-36.4,Morning Run
315,315,2023-08-27 22:53:23+00:00,10.729584,106.624883,-36.4,Morning Run
316,316,2023-08-27 22:53:25+00:00,10.729599,106.624934,-36.4,Morning Run
317,317,2023-08-27 22:53:26+00:00,10.729613,106.62496,-36.4,Morning Run
318,318,2023-08-27 22:53:29+00:00,10.729626,106.625019,-36.2,Morning Run
319,319,2023-08-27 22:53:31+00:00,10.729631,106.625055,-36.2,Morning Run
320,320,2023-08-27 22:53:34+00:00,10.729647,106.625089,-36.2,Morning Run
321,321,2023-08-27 22:53:42+00:00,10.729819,106.625107,-36.2,Morning Run
322,322,2023-08-27 22:53:49+00:00,10.729961,106.625081,-36.6,Morning Run
323,323,2023-08-27 22:53:52+00:00,10.729975,106.625031,-36.8,Morning Run
324,324,2023-08-27 22:53:54+00:00,10.729968,106.625025,-36.8,Morning Run
325,325,2023-08-27 22:53:59+00:00,10.729959,106.62488,-36.8,Morning Run
326,326,2023-08-27 22:54:01+00:00,10.729956,106.624835,-36.6,Morning Run
327,327,2023-08-27 22:54:04+00:00,10.72996,106.624754,-36.6,Morning Run
328,328,2023-08-27 22:54:07+00:00,10.729941,106.624666,-36.6,Morning Run
329,329,2023-08-27 22:54:08+00:00,10.72992,106.624634,-36.6,Morning Run
330,330,2023-08-27 22:54:13+00:00,10.729898,106.624492,-36.6,Morning Run
331,331,2023-08-27 22:54:19+00:00,10.729886,106.624325,-36.6,Morning Run
332,332,2023-08-27 22:54:23+00:00,10.729979,106.624294,-36.6,Morning Run
333,333,2023-08-27 22:54:25+00:00,10.730017,106.6243,-36.6,Morning Run
334,334,2023-08-27 22:54:27+00:00,10.730063,106.624278,-36.8,Morning Run
335,335,2023-08-27 22:54:32+00:00,10.730153,106.624248,-36.6,Morning Run
336,336,2023-08-27 22:54:38+00:00,10.730275,106.624206,-36.8,Morning Run
337,337,2023-08-27 22:54:39+00:00,10.730298,106.624217,-36.8,Morning Run
338,338,2023-08-27 22:54:41+00:00,10.730342,106.624234,-37.0,Morning Run
339,339,2023-08-27 22:54:42+00:00,10.730372,106.624233,-37.0,Morning Run
340,340,2023-08-27 22:54:47+00:00,10.730542,106.624197,-36.6,Morning Run
341,341,2023-08-27 22:54:53+00:00,10.730554,106.624043,-36.8,Morning Run
342,342,2023-08-27 22:54:56+00:00,10.730477,106.623967,-36.8,Morning Run
343,343,2023-08-27 22:54:59+00:00,10.730471,106.623982,-36.8,Morning Run
344,344,2023-08-27 22:55:05+00:00,10.730488,106.623916,-36.8,Morning Run
345,345,2023-08-27 22:55:11+00:00,10.730477,106.623816,-37.2,Morning Run
346,346,2023-08-27 22:55:15+00:00,10.730509,106.623721,-37.4,Morning Run
347,347,2023-08-27 22:55:16+00:00,10.730515,106.623682,-37.4,Morning Run
348,348,2023-08-27 22:55:22+00:00,10.730752,106.623602,-37.8,Morning Run
349,349,2023-08-27 22:55:25+00:00,10.730837,106.623624,-38.0,Morning Run
350,350,2023-08-27 22:55:26+00:00,10.73086,106.623626,-38.2,Morning Run
351,351,2023-08-27 22:55:32+00:00,10.731,106.623679,-38.0,Morning Run
352,352,2023-08-27 22:55:38+00:00,10.731089,106.623817,-38.0,Morning Run
353,353,2023-08-27 22:55:39+00:00,10.731112,106.623829,-38.2,Morning Run
354,354,2023-08-27 22:55:42+00:00,10.731122,106.623907,-37.8,Morning Run
355,355,2023-08-27 22:55:49+00:00,10.731127,106.624093,-37.8,Morning Run
356,356,2023-08-27 22:55:50+00:00,10.731128,106.624119,-38.0,Morning Run
357,357,2023-08-27 22:55:55+00:00,10.731121,106.624244,-37.6,Morning Run
358,358,2023-08-27 22:56:03+00:00,10.731115,106.624433,-37.6,Morning Run
359,359,2023-08-27 22:56:05+00:00,10.731113,106.624477,-37.6,Morning Run
360,360,2023-08-27 22:56:08+00:00,10.731118,106.624548,-37.6,Morning Run
361,361,2023-08-27 22:56:09+00:00,10.73111,106.624575,-37.6,Morning Run
362,362,2023-08-27 22:56:15+00:00,10.731101,106.62472,-37.6,Morning Run
363,363,2023-08-27 22:56:21+00:00,10.731072,106.624856,-37.6,Morning Run
364,364,2023-08-27 22:56:27+00:00,10.731092,106.624971,-37.6,Morning Run
365,365,2023-08-27 22:56:33+00:00,10.731112,106.625111,-37.6,Morning Run
366,366,2023-08-27 22:56:39+00:00,10.731109,106.62524,-37.6,Morning Run
367,367,2023-08-27 22:56:46+00:00,10.731075,106.625414,-37.6,Morning Run
368,368,2023-08-27 22:56:52+00:00,10.731097,106.625564,-38.0,Morning Run
369,369,2023-08-27 22:56:54+00:00,10.731095,106.625614,-38.6,Morning Run
370,370,2023-08-27 22:57:02+00:00,10.731126,106.625795,-38.6,Morning Run
371,371,2023-08-27 22:57:04+00:00,10.731134,106.625779,-38.6,Morning Run
372,372,2023-08-27 22:57:05+00:00,10.73113,106.625765,-38.6,Morning Run
373,373,2023-08-27 22:57:10+00:00,10.731079,106.625632,-38.6,Morning Run
374,374,2023-08-27 22:57:18+00:00,10.731051,106.62543,-39.0,Morning Run
375,375,2023-08-27 22:57:24+00:00,10.731046,106.625288,-38.6,Morning Run
376,376,2023-08-27 22:57:26+00:00,10.731028,106.625234,-38.6,Morning Run
377,377,2023-08-27 22:57:28+00:00,10.731015,106.625188,-37.6,Morning Run
378,378,2023-08-27 22:57:34+00:00,10.730994,106.625039,-37.6,Morning Run
379,379,2023-08-27 22:57:42+00:00,10.73096,106.624863,-38.8,Morning Run
380,380,2023-08-27 22:57:43+00:00,10.730976,106.624847,-39.0,Morning Run
381,381,2023-08-27 22:57:46+00:00,10.730977,106.624785,-39.2,Morning Run
382,382,2023-08-27 22:57:52+00:00,10.730955,106.624657,-39.0,Morning Run
383,383,2023-08-27 22:57:57+00:00,10.730961,106.62454,-39.0,Morning Run
384,384,2023-08-27 22:57:58+00:00,10.730955,106.624517,-39.0,Morning Run
385,385,2023-08-27 22:58:03+00:00,10.730955,106.624399,-39.0,Morning Run
386,386,2023-08-27 22:58:04+00:00,10.730973,106.624381,-39.0,Morning Run
387,387,2023-08-27 22:58:07+00:00,10.730979,106.624311,-39.2,Morning Run
388,388,2023-08-27 22:58:10+00:00,10.730978,106.624234,-39.4,Morning Run
389,389,2023-08-27 22:58:11+00:00,10.730973,106.624204,-39.4,Morning Run
390,390,2023-08-27 22:58:12+00:00,10.730953,106.624183,-39.4,Morning Run
391,391,2023-08-27 22:58:14+00:00,10.730968,106.624137,-39.4,Morning Run
392,392,2023-08-27 22:58:16+00:00,10.730934,106.624101,-39.4,Morning Run
393,393,2023-08-27 22:58:18+00:00,10.730901,106.624085,-39.4,Morning Run
394,394,2023-08-27 22:58:20+00:00,10.730909,106.624065,-39.4,Morning Run
395,395,2023-08-27 22:58:22+00:00,10.730881,106.624029,-39.4,Morning Run
396,396,2023-08-27 22:58:25+00:00,10.730897,106.623971,-39.6,Morning Run
397,397,2023-08-27 22:58:29+00:00,10.730903,106.623893,-39.6,Morning Run
398,398,2023-08-27 22:58:30+00:00,10.730899,106.623872,-39.6,Morning Run
399,399,2023-08-27 22:58:32+00:00,10.730883,106.623852,-39.6,Morning Run
400,400,2023-08-27 22:58:34+00:00,10.73086,106.623837,-39.6,Morning Run
401,401,2023-08-27 22:58:38+00:00,10.73082,106.623779,-39.4,Morning Run
402,402,2023-08-27 22:58:40+00:00,10.730785,106.623753,-39.2,Morning Run
403,403,2023-08-27 22:58:46+00:00,10.730657,106.623755,-39.2,Morning Run
404,404,2023-08-27 22:58:48+00:00,10.730629,106.623772,-37.2,Morning Run
405,405,2023-08-27 22:58:52+00:00,10.730583,106.623794,-37.2,Morning Run
406,406,2023-08-27 22:58:57+00:00,10.730546,106.623821,-37.4,Morning Run
407,407,2023-08-27 22:58:58+00:00,10.730534,106.623823,-37.4,Morning Run
408,408,2023-08-27 22:59:05+00:00,10.730428,106.623849,-37.4,Morning Run
409,409,2023-08-27 22:59:06+00:00,10.730424,106.623818,-37.4,Morning Run
410,410,2023-08-27 22:59:11+00:00,10.730335,106.623883,-37.4,Morning Run
411,411,2023-08-27 22:59:13+00:00,10.730268,106.623886,-37.4,Morning Run
412,412,2023-08-27 22:59:20+00:00,10.730124,106.62393,-37.4,Morning Run
413,413,2023-08-27 22:59:23+00:00,10.730119,106.624022,-37.4,Morning Run
414,414,2023-08-27 22:59:24+00:00,10.730122,106.624036,-37.4,Morning Run
415,415,2023-08-27 22:59:25+00:00,10.730109,106.62405,-37.4,Morning Run
416,416,2023-08-27 22:59:27+00:00,10.730098,106.624076,-37.2,Morning Run
417,417,2023-08-27 22:59:29+00:00,10.730096,106.624108,-37.2,Morning Run
418,418,2023-08-27 22:59:30+00:00,10.730089,106.624122,-37.0,Morning Run
419,419,2023-08-27 22:59:35+00:00,10.730052,106.62422,-36.6,Morning Run
420,420,2023-08-27 22:59:41+00:00,10.730015,106.624345,-36.4,Morning Run
421,421,2023-08-27 22:59:43+00:00,10.729968,106.624345,-36.4,Morning Run
422,422,2023-08-27 22:59:44+00:00,10.72994,106.624324,-36.4,Morning Run
423,423,2023-08-27 22:59:49+00:00,10.72977,106.624319,-36.4,Morning Run
424,424,2023-08-27 22:59:50+00:00,10.729756,106.624331,-36.4,Morning Run
425,425,2023-08-27 22:59:52+00:00,10.729694,106.624328,-36.6,Morning Run
426,426,2023-08-27 22:59:53+00:00,10.729675,106.624344,-36.6,Morning Run
427,427,2023-08-27 22:59:57+00:00,10.729654,106.624435,-36.8,Morning Run
428,428,2023-08-27 22:59:58+00:00,10.729657,106.624461,-36.8,Morning Run
429,429,2023-08-27 22:59:59+00:00,10.729641,106.624482,-36.8,Morning Run
430,430,2023-08-27 23:00:01+00:00,10.729619,106.624523,-36.4,Morning Run
431,431,2023-08-27 23:00:02+00:00,10.729621,106.624552,-36.4,Morning Run
432,432,2023-08-27 23:00:05+00:00,10.729621,106.624637,-36.2,Morning Run
433,433,2023-08-27 23:00:07+00:00,10.72963,106.62469,-36.0,Morning Run
434,434,2023-08-27 23:00:12+00:00,10.729608,106.624804,-35.6,Morning Run
435,435,2023-08-27 23:00:16+00:00,10.729585,106.624887,-35.6,Morning Run
436,436,2023-08-27 23:00:19+00:00,10.729594,106.624963,-35.8,Morning Run
437,437,2023-08-27 23:00:25+00:00,10.729635,106.625074,-35.6,Morning Run
438,438,2023-08-27 23:00:26+00:00,10.729648,106.625085,-35.8,Morning Run
439,439,2023-08-27 23:00:31+00:00,10.729741,106.625143,-35.8,Morning Run
440,440,2023-08-27 23:00:33+00:00,10.729796,106.625158,-35.6,Morning Run
441,441,2023-08-27 23:00:36+00:00,10.729865,106.625115,-35.6,Morning Run
442,442,2023-08-27 23:00:41+00:00,10.729975,106.625114,-35.6,Morning Run
443,443,2023-08-27 23:00:42+00:00,10.729992,106.625122,-35.6,Morning Run
444,444,2023-08-27 23:00:43+00:00,10.73,106.625109,-35.4,Morning Run
445,445,2023-08-27 23:00:45+00:00,10.729997,106.625079,-35.4,Morning Run
446,446,2023-08-27 23:00:48+00:00,10.729993,106.625047,-35.4,Morning Run
447,447,2023-08-27 23:00:50+00:00,10.729965,106.625041,-35.6,Morning Run
448,448,2023-08-27 23:00:53+00:00,10.729947,106.624981,-35.4,Morning Run
449,449,2023-08-27 23:00:54+00:00,10.729955,106.624946,-35.4,Morning Run
450,450,2023-08-27 23:00:59+00:00,10.730005,106.624824,-35.4,Morning Run
451,451,2023-08-27 23:01:04+00:00,10.729988,106.62466,-35.4,Morning Run
452,452,2023-08-27 23:01:08+00:00,10.729955,106.624524,-36.2,Morning Run
453,453,2023-08-27 23:01:10+00:00,10.729982,106.624479,-36.2,Morning Run
454,454,2023-08-27 23:01:15+00:00,10.730092,106.624393,-36.0,Morning Run
455,455,2023-08-27 23:01:16+00:00,10.730112,106.624371,-36.0,Morning Run
456,456,2023-08-27 23:01:17+00:00,10.730133,106.624349,-36.2,Morning Run
457,457,2023-08-27 23:01:20+00:00,10.730224,106.624345,-36.2,Morning Run
458,458,2023-08-27 23:01:26+00:00,10.73036,106.624341,-36.2,Morning Run
459,459,2023-08-27 23:01:27+00:00,10.730389,106.624335,-36.2,Morning Run
460,460,2023-08-27 23:01:30+00:00,10.730457,106.624351,-36.2,Morning Run
461,461,2023-08-27 23:01:32+00:00,10.730504,106.624343,-36.2,Morning Run
462,462,2023-08-27 23:01:36+00:00,10.730592,106.624334,-36.2,Morning Run
463,463,2023-08-27 23:01:38+00:00,10.730577,106.624382,-36.2,Morning Run
464,464,2023-08-27 23:01:45+00:00,10.730494,106.624556,-36.4,Morning Run
465,465,2023-08-27 23:01:48+00:00,10.730407,106.624535,-36.4,Morning Run
466,466,2023-08-27 23:01:50+00:00,10.730333,106.624439,-36.4,Morning Run
467,467,2023-08-27 23:01:52+00:00,10.73033,106.624342,-36.2,Morning Run
468,468,2023-08-27 23:01:57+00:00,10.730334,106.624135,-36.2,Morning Run
469,469,2023-08-27 23:02:02+00:00,10.730345,106.623939,-36.4,Morning Run
470,470,2023-08-27 23:02:04+00:00,10.730309,106.62388,-36.6,Morning Run
471,471,2023-08-27 23:02:06+00:00,10.73033,106.623802,-36.6,Morning Run
472,472,2023-08-27 23:02:07+00:00,10.730362,106.623769,-36.8,Morning Run
473,473,2023-08-27 23:02:08+00:00,10.730401,106.623738,-37.0,Morning Run
474,474,2023-08-27 23:02:11+00:00,10.730497,106.62365,-37.2,Morning Run
475,475,2023-08-27 23:02:16+00:00,10.730707,106.623617,-37.8,Morning Run
476,476,2023-08-27 23:02:17+00:00,10.730739,106.623612,-37.8,Morning Run
477,477,2023-08-27 23:02:23+00:00,10.730915,106.623637,-38.2,Morning Run
478,478,2023-08-27 23:02:28+00:00,10.731056,106.623733,-38.2,Morning Run
479,479,2023-08-27 23:02:29+00:00,10.731078,106.623764,-38.0,Morning Run
480,480,2023-08-27 23:02:32+00:00,10.73112,106.623814,-38.0,Morning Run
481,481,2023-08-27 23:02:33+00:00,10.731125,106.623835,-38.0,Morning Run
482,482,2023-08-27 23:02:41+00:00,10.731124,106.624042,-38.0,Morning Run
483,483,2023-08-27 23:02:44+00:00,10.731111,106.624128,-37.8,Morning Run
484,484,2023-08-27 23:02:47+00:00,10.731104,106.624205,-37.6,Morning Run
485,485,2023-08-27 23:02:48+00:00,10.731087,106.62424,-37.6,Morning Run
486,486,2023-08-27 23:02:49+00:00,10.731068,106.624275,-37.6,Morning Run
487,487,2023-08-27 23:02:53+00:00,10.731017,106.624399,-37.2,Morning Run
488,488,2023-08-27 23:02:56+00:00,10.73098,106.624489,-37.2,Morning Run
489,489,2023-08-27 23:03:01+00:00,10.730954,106.624636,-37.2,Morning Run
490,490,2023-08-27 23:03:02+00:00,10.73094,106.624665,-37.0,Morning Run
491,491,2023-08-27 23:03:03+00:00,10.730945,106.624692,-37.0,Morning Run
492,492,2023-08-27 23:03:04+00:00,10.730934,106.624725,-38.6,Morning Run
493,493,2023-08-27 23:03:06+00:00,10.730935,106.624778,-38.6,Morning Run
494,494,2023-08-27 23:03:13+00:00,10.730909,106.624973,-38.2,Morning Run
495,495,2023-08-27 23:03:14+00:00,10.730902,106.625005,-38.4,Morning Run
496,496,2023-08-27 23:03:21+00:00,10.730896,106.625185,-38.4,Morning Run
497,497,2023-08-27 23:03:28+00:00,10.730905,106.625366,-38.4,Morning Run
498,498,2023-08-27 23:03:33+00:00,10.73091,106.625492,-38.4,Morning Run
499,499,2023-08-27 23:03:35+00:00,10.730929,106.625543,-38.4,Morning Run
500,500,2023-08-27 23:03:38+00:00,10.730972,106.625607,-38.6,Morning Run
501,501,2023-08-27 23:03:45+00:00,10.730999,106.625781,-38.6,Morning Run
502,502,2023-08-27 23:03:51+00:00,10.731031,106.62585,-38.8,Morning Run
503,503,2023-08-27 23:03:55+00:00,10.731018,106.625719,-39.0,Morning Run
504,504,2023-08-27 23:04:02+00:00,10.731005,106.62552,-38.8,Morning Run
505,505,2023-08-27 23:04:05+00:00,10.731007,106.625449,-38.8,Morning Run
506,506,2023-08-27 23:04:12+00:00,10.730978,106.625255,-38.6,Morning Run
507,507,2023-08-27 23:04:13+00:00,10.730975,106.625226,-38.6,Morning Run
508,508,2023-08-27 23:04:20+00:00,10.73099,106.625051,-37.6,Morning Run
509,509,2023-08-27 23:04:23+00:00,10.730985,106.624991,-38.4,Morning Run
510,510,2023-08-27 23:04:25+00:00,10.730976,106.624937,-38.4,Morning Run
511,511,2023-08-27 23:04:32+00:00,10.730992,106.624774,-38.0,Morning Run
512,512,2023-08-27 23:04:33+00:00,10.730987,106.624745,-38.2,Morning Run
513,513,2023-08-27 23:04:37+00:00,10.730991,106.624646,-38.2,Morning Run
514,514,2023-08-27 23:04:43+00:00,10.730999,106.624508,-38.0,Morning Run
515,515,2023-08-27 23:04:45+00:00,10.730993,106.624467,-38.0,Morning Run
516,516,2023-08-27 23:04:48+00:00,10.730968,106.624397,-38.0,Morning Run
517,517,2023-08-27 23:04:55+00:00,10.730946,106.62422,-39.2,Morning Run
518,518,2023-08-27 23:04:59+00:00,10.730951,106.624141,-39.4,Morning Run
519,519,2023-08-27 23:05:01+00:00,10.730929,106.624103,-39.4,Morning Run
520,520,2023-08-27 23:05:04+00:00,10.730904,106.62406,-39.4,Morning Run
521,521,2023-08-27 23:05:05+00:00,10.730887,106.624047,-39.6,Morning Run
522,522,2023-08-27 23:05:06+00:00,10.730896,106.624019,-39.6,Morning Run
523,523,2023-08-27 23:05:08+00:00,10.730907,106.623974,-39.8,Morning Run
524,524,2023-08-27 23:05:09+00:00,10.730905,106.623953,-39.8,Morning Run
525,525,2023-08-27 23:05:18+00:00,10.730891,106.623768,-39.8,Morning Run
526,526,2023-08-27 23:05:22+00:00,10.730837,106.623734,-39.8,Morning Run
527,527,2023-08-27 23:05:23+00:00,10.730818,106.62374,-39.8,Morning Run
528,528,2023-08-27 23:05:24+00:00,10.730801,106.623731,-39.8,Morning Run
529,529,2023-08-27 23:05:28+00:00,10.730724,106.623735,-39.6,Morning Run
530,530,2023-08-27 23:05:35+00:00,10.730609,106.623803,-39.6,Morning Run
531,531,2023-08-27 23:05:38+00:00,10.730576,106.623822,-39.8,Morning Run
532,532,2023-08-27 23:05:40+00:00,10.730567,106.623806,-39.6,Morning Run
533,533,2023-08-27 23:05:44+00:00,10.730539,106.623814,-39.6,Morning Run
534,534,2023-08-27 23:05:46+00:00,10.730507,106.623828,-39.6,Morning Run
535,535,2023-08-27 23:05:54+00:00,10.730351,106.623872,-39.6,Morning Run
536,536,2023-08-27 23:05:56+00:00,10.730317,106.623905,-39.8,Morning Run
537,537,2023-08-27 23:05:58+00:00,10.730309,106.623907,-39.8,Morning Run
538,538,2023-08-27 23:06:02+00:00,10.730279,106.623943,-39.6,Morning Run
539,539,2023-08-27 23:06:04+00:00,10.730246,106.623964,-39.6,Morning Run
540,540,2023-08-27 23:06:07+00:00,10.730226,106.624001,-39.6,Morning Run
541,541,2023-08-27 23:06:13+00:00,10.730165,106.624116,-39.6,Morning Run
542,542,2023-08-27 23:06:19+00:00,10.730121,106.624254,-38.8,Morning Run
543,543,2023-08-27 23:06:20+00:00,10.730106,106.624274,-38.8,Morning Run
544,544,2023-08-27 23:06:22+00:00,10.730058,106.624311,-38.6,Morning Run
545,545,2023-08-27 23:06:23+00:00,10.730037,106.624328,-38.6,Morning Run
546,546,2023-08-27 23:06:25+00:00,10.729991,106.624323,-38.6,Morning Run
547,547,2023-08-27 23:06:27+00:00,10.729933,106.624331,-38.6,Morning Run
548,548,2023-08-27 23:06:32+00:00,10.72975,106.624341,-39.0,Morning Run
549,549,2023-08-27 23:06:35+00:00,10.729691,106.62439,-39.0,Morning Run
550,550,2023-08-27 23:06:36+00:00,10.729684,106.624417,-39.0,Morning Run
551,551,2023-08-27 23:06:40+00:00,10.729644,106.62449,-39.0,Morning Run
552,552,2023-08-27 23:06:41+00:00,10.729642,106.624514,-39.0,Morning Run
553,553,2023-08-27 23:06:43+00:00,10.729629,106.624553,-39.2,Morning Run
554,554,2023-08-27 23:06:47+00:00,10.729614,106.624648,-39.0,Morning Run
555,555,2023-08-27 23:06:50+00:00,10.729599,106.624731,-39.0,Morning Run
556,556,2023-08-27 23:06:52+00:00,10.729577,106.62479,-39.0,Morning Run
557,557,2023-08-27 23:06:54+00:00,10.729588,106.624848,-39.0,Morning Run
558,558,2023-08-27 23:06:56+00:00,10.729593,106.624905,-39.0,Morning Run
559,559,2023-08-27 23:07:01+00:00,10.729619,106.625031,-39.0,Morning Run
560,560,2023-08-27 23:07:04+00:00,10.729658,106.625088,-39.0,Morning Run
561,561,2023-08-27 23:07:05+00:00,10.729684,106.625088,-39.2,Morning Run
562,562,2023-08-27 23:07:09+00:00,10.729755,106.625104,-39.0,Morning Run
563,563,2023-08-27 23:07:11+00:00,10.729796,106.625157,-39.0,Morning Run
564,564,2023-08-27 23:07:12+00:00,10.729822,106.625151,-39.0,Morning Run
565,565,2023-08-27 23:07:15+00:00,10.729879,106.625134,-38.8,Morning Run
566,566,2023-08-27 23:07:19+00:00,10.729953,106.625147,-38.8,Morning Run
567,567,2023-08-27 23:07:20+00:00,10.729968,106.62516,-38.8,Morning Run
568,568,2023-08-27 23:07:22+00:00,10.729988,106.625137,-38.8,Morning Run
569,569,2023-08-27 23:07:23+00:00,10.729987,106.625121,-39.0,Morning Run
570,570,2023-08-27 23:07:30+00:00,10.729984,106.625001,-38.8,Morning Run
571,571,2023-08-27 23:07:33+00:00,10.729981,106.624938,-38.8,Morning Run
572,572,2023-08-27 23:07:35+00:00,10.729977,106.624882,-38.8,Morning Run
573,573,2023-08-27 23:07:42+00:00,10.729931,106.624687,-38.6,Morning Run
574,574,2023-08-27 23:07:48+00:00,10.729928,106.624502,-38.6,Morning Run
575,575,2023-08-27 23:07:50+00:00,10.729962,106.624456,-38.6,Morning Run
576,576,2023-08-27 23:07:52+00:00,10.729996,106.624416,-38.6,Morning Run
577,577,2023-08-27 23:07:56+00:00,10.729996,106.624416,-38.8,Morning Run
578,578,2023-08-27 23:08:04+00:00,10.729996,106.624416,-39.0,Morning Run
579,579,2023-08-27 23:08:10+00:00,10.729996,106.624416,-38.8,Morning Run
580,580,2023-08-27 23:08:15+00:00,10.729996,106.624416,-38.8,Morning Run
581,581,2023-08-27 23:08:23+00:00,10.729996,106.624416,-38.8,Morning Run
582,582,2023-08-27 23:08:24+00:00,10.729996,106.624416,-38.8,Morning Run
583,583,2023-08-27 23:08:26+00:00,10.729996,106.624416,-38.6,Morning Run
