longitude,latitude
"105.497064","10.35394"
"105.526222","10.392071"
"105.566999","10.46902"
"105.564733","10.48279"
"105.505003","10.528969"
"105.418501","10.532455"
"105.440933","10.452253"
"105.459635","10.427477"
"105.45498","10.417268"
"105.44912","10.390828"
"105.330858","10.499311"
"105.135301","10.467203"
"105.117604","10.585024"
"105.19165","10.535964"
"105.080634","10.951528"
"105.057319","10.920468"
"105.097928","10.861241"
"105.152529","10.872914"
"105.144083","10.711092"
"105.338288","10.348517"
"105.229588","10.218181"
"105.136239","10.278658"
"106.359693","10.029626"
"105.1397","10.300712"
"105.217757","10.368033"
"105.342695","10.263107"
"105.208069","10.452012"
"105.312013","10.386693"
"105.082754","10.470916"
"105.042559","10.589624"
"104.942259","10.424825"
"105.653302","9.366336"
"105.656377","9.306566"
"105.777297","9.39443"
"105.55081","9.318403"
"105.514422","9.317453"
"105.617818","9.187401"
"105.59086","9.271533"
"105.658597","9.207978"
"105.318734","9.304015"
"105.46028","9.435795"
"105.479653","9.453831"
"105.518983","9.35992"
"105.354666","9.341074"
"105.327445","9.310393"
"105.488332","9.400836"
"105.391145","9.372276"
"105.51678","9.329497"
"105.489133","9.348503"
"105.417045","9.394469"
"105.295119","9.471527"
"105.482094","9.519274"
"105.31875","9.302215"
"105.420812","9.31527"
"105.38146","9.21744"
"105.28966","9.114333"
"105.476635","9.244398"
"105.750585","9.215069"
"105.650677","9.202484"
"105.491734","9.122545"
"105.8064","9.313333"
"105.7547","9.305556"
"105.7689","9.301667"
"105.7706","9.306667"
"105.7047","9.3525"
"105.6661","9.289722"
"105.6056","9.3825"
"105.6661","9.289722"
"105.7481","9.316389"
"105.7822","9.327222"
"105.6356","9.350556"
"106.0278","9.334444"
"106.0106","9.429167"
"105.2778","9.621758"
"105.5572","9.277778"
"105.575","9.321111"
"105.4869","9.399444"
"105.4236","9.411111"
"105.54","9.391111"
"105.4236","9.411111"
"105.3333","9.360556"
"105.5269","9.500833"
"105.4256","9.228611"
"105.4253","9.308611"
"105.2589","9.213056"
"105.5122","9.253889"
"105.2817","9.129722"
"105.4903","9.116111"
"105.5656","9.191944"
"105.4389","9.106667"
"105.2814","9.164722"
"105.7292","9.21"
"105.5953","9.151111"
"106.215647","10.201379"
"106.071395","10.251819"
"106.254406","10.208692"
"106.090384","10.267292"
"106.159933","10.245683"
"106.178347","10.19335"
"106.169461","10.247077"
"106.186875","10.233469"
"106.090384","10.267292"
"106.043792","10.276144"
"106.350938","10.263093"
"106.301599","10.235716"
"106.303178","10.240077"
"106.293132","10.202989"
"106.272949","10.186593"
"106.27665","10.155609"
"106.288303","10.166532"
"106.331335","10.201271"
"106.243402","10.12482"
"106.325714","10.128785"
"106.288532","10.100395"
"106.325062","10.047471"
"106.375132","10.081943"
"106.386912","10.097166"
"106.356497","10.03548"
"106.405711","10.07666"
"106.403665","10.016865"
"106.447961","10.045293"
"106.448363","10.002288"
"106.434917","9.983403"
"106.465177","9.959881"
"106.508549","9.94891"
"106.201512","10.292273"
"106.212798","10.292421"
"106.238475","10.262158"
"106.257537","10.296536"
"106.274057","10.308525"
"106.359329","10.303946"
"106.356005","10.293209"
"106.390721","10.28751"
"106.390014","10.276192"
"106.442266","10.278903"
"106.357968","10.27169"
"106.283959","10.273411"
"106.446337","10.282537"
"106.522672","10.218174"
"106.555853","10.203751"
"106.575931","10.194107"
"106.62337","10.163189"
"106.43408","10.185981"
"106.394429","10.153836"
"106.476784","10.201731"
"106.464884","10.140021"
"106.453283","10.092874"
"106.535264","10.188875"
"106.550465","10.151996"
"106.49263","10.097509"
"106.609625","10.173889"
"106.54414","10.10417"
"106.573242","10.099575"
"106.489566","10.064059"
"106.551258","10.03176"
"106.538698","10.039838"
"106.530396","10.027978"
"106.612365","10.001958"
"106.652512","10.047889"
"106.636226","10.016579"
"105.139959","9.148073"
"105.140157","9.148217"
"105.155117","9.171213"
"105.251783","9.165946"
"105.196855","8.996367"
"105.193785","8.993058"
"105.054451","8.876284"
"105.069703","8.885617"
"105.015395","8.939716"
"105.013572","8.9332"
"104.805208","8.860879"
"104.817623","8.862176"
"104.993161","8.762316"
"105.03028","8.772199"
"105.02685","8.628864"
"105.058311","8.657758"
"104.975113","9.07497"
"104.828203","9.044156"
"104.820634","9.039449"
"104.843479","9.053826"
"104.821793","9.036679"
"105.09031","9.349248"
"105.149497","9.406988"
"104.972494","9.410037"
"104.831678","9.347171"
"105.04988","9.241847"
"105.033233","9.250802"
"105.060781","9.241874"
"105.056307","9.242036"
"105.139959","9.148073"
"105.140157","9.148217"
"105.155117","9.171213"
"105.251783","9.165946"
"105.196855","8.996367"
"105.193785","8.993058"
"105.054451","8.876284"
"105.069703","8.885617"
"105.015395","8.939716"
"105.013572","8.9332"
"104.805208","8.860879"
"104.817623","8.862176"
"104.993161","8.762316"
"105.03028","8.772199"
"105.02685","8.628864"
"105.058311","8.657758"
"104.975113","9.07497"
"104.828203","9.044156"
"104.820634","9.039449"
"104.843479","9.053826"
"104.821793","9.036679"
"105.09031","9.349248"
"105.149497","9.406988"
"104.972494","9.410037"
"104.831678","9.347171"
"105.04988","9.241847"
"105.033233","9.250802"
"105.060781","9.241874"
"105.056307","9.242036"
"105.139959","9.148073"
"105.140157","9.148217"
"105.155117","9.171213"
"105.251783","9.165946"
"105.196855","8.996367"
"105.193785","8.993058"
"105.054451","8.876284"
"105.069703","8.885617"
"105.015395","8.939716"
"105.013572","8.9332"
"104.805208","8.860879"
"104.817623","8.862176"
"104.993161","8.762316"
"105.03028","8.772199"
"105.02685","8.628864"
"105.058311","8.657758"
"104.975113","9.07497"
"104.828203","9.044156"
"104.820634","9.039449"
"104.843479","9.053826"
"104.821793","9.036679"
"105.09031","9.349248"
"105.149497","9.406988"
"104.972494","9.410037"
"104.831678","9.347171"
"105.04988","9.241847"
"105.033233","9.250802"
"105.060781","9.241874"
"105.056307","9.242036"
"105.139959","9.148073"
"105.140157","9.148217"
"105.155117","9.171213"
"105.251783","9.165946"
"105.196855","8.996367"
"105.193785","8.993058"
"105.054451","8.876284"
"105.069703","8.885617"
"105.015395","8.939716"
"105.013572","8.9332"
"104.805208","8.860879"
"104.817623","8.862176"
"104.993161","8.762316"
"105.03028","8.772199"
"105.02685","8.628864"
"105.058311","8.657758"
"104.975113","9.07497"
"104.828203","9.044156"
"104.820634","9.039449"
"104.843479","9.053826"
"104.821793","9.036679"
"105.09031","9.349248"
"105.149497","9.406988"
"104.972494","9.410037"
"104.831678","9.347171"
"105.04988","9.241847"
"105.033233","9.250802"
"105.060781","9.241874"
"105.056307","9.242036"
"105.152793","9.174816"
"105.152475","9.174843"
"105.143884","9.180626"
"105.145013","9.179351"
"105.150877","9.184359"
"105.130193","9.201806"
"105.16856","9.176745"
"105.150127","9.175658"
"105.148767","9.166704"
"105.148103","9.190647"
"105.158476","9.181995"
"105.161133","9.179959"
"105.144242","9.164101"
"105.149547","9.182433"
"105.21507","9.172505"
"105.211282","9.169893"
"105.214049","9.169041"
"105.214661","9.17218"
"105.21272","9.169739"
"105.130222","9.206093"
"105.127618","9.206836"
"105.128328","9.204412"
"105.128483","9.206049"
"105.218167","9.217367"
"105.264333","9.257833"
"104.857133","9.177733"
"104.89285","8.910817"
"104.90385","9.326583"
"105.045567","9.458867"
"105.1469","8.925267"
"105.3276","9.00825"
"105.055633","9.049867"
"105.127617","9.03795"
"104.867583","8.847333"
"105.1128","9.1475"
"105.168883","9.061167"
"105.080833","9.43595"
"104.917267","9.10665"
"104.94145","9.23405"
"104.978175","9.246231"
"105.462783","10.28401"
"105.434518","10.189772"
"105.243781","10.22565"
"105.426874","10.229115"
"105.437876","10.194877"
"105.487791","10.239078"
"105.472418","10.25387"
"105.550895","10.265847"
"105.576206","10.224119"
"105.594693","10.223489"
"105.527171","10.249209"
"105.506949","10.302981"
"105.549388","10.23888"
"105.548075","10.224303"
"105.523757","10.244041"
"105.578005","10.204409"
"105.580966","10.24105"
"105.551189","10.176817"
"105.505689","10.291497"
"105.507313","10.290636"
"105.557366","10.242756"
"105.487333","10.189797"
"105.515579","10.206558"
"105.44491","10.119113"
"105.490345","10.177972"
"105.494498","10.200657"
"105.465809","10.085422"
"105.443297","10.134437"
"105.430107","10.093076"
"105.416758","10.067281"
"105.461506","10.088738"
"105.504677","10.078156"
"105.446209","10.121047"
"105.591209","10.086162"
"105.561669","10.066723"
"105.571206","10.07207"
"105.534257","10.006805"
"105.478872","10.018828"
"105.613955","10.054032"
"105.532493","10.049533"
"105.59105","10.023857"
"105.522396","9.978516"
"105.536384","10.05186"
"105.493729","10.026178"
"105.614723","10.083641"
"105.601411","10.056017"
"105.607012","10.01539"
"105.519406","9.97455"
"105.546288","10.080333"
"105.460024","10.014749"
"105.694595","10.104663"
"105.598413","10.176535"
"105.71908","10.0664"
"105.647672","10.06236"
"105.595062","10.176098"
"105.634684","10.23707"
"105.572369","10.161731"
"105.610882","10.13282"
"105.585623","10.156372"
"105.652464","10.071856"
"105.648598","10.05998"
"105.679203","10.106612"
"105.698734","10.115388"
"105.656435","10.072346"
"105.644585","10.143337"
"105.680306","10.114958"
"105.702661","10.010517"
"105.71698","9.994721"
"105.703287","10.005008"
"105.712999","9.990056"
"105.674187","10.002861"
"105.612808","9.982414"
"105.702063","10.004016"
"105.610146","9.983603"
"105.616029","9.987816"
"105.782338","10.047219"
"105.688258","10.02991"
"105.679817","9.998789"
"105.663865","9.988149"
"105.693011","9.964793"
"105.682101","10.039799"
"105.682868","10.035556"
"105.648662","10.032387"
"105.668923","9.994298"
"105.606536","9.990167"
"105.694669","9.963849"
"105.766311","9.999198"
"106.343567","10.584192"
"105.782928","9.981415"
"105.761352","9.993114"
"105.776479","10.000947"
"105.797084","10.00259"
"105.794185","9.999874"
"105.750327","9.967626"
"105.753698","9.97773"
"105.754621","9.978424"
"105.831844","9.9807"
"105.799244","9.994083"
"105.720528","10.057163"
"105.686365","10.062608"
"105.686596","10.063874"
"105.724177","10.023774"
"105.720919","10.023221"
"105.689431","10.06649"
"105.730528","10.028002"
"105.723217","10.022872"
"105.729693","10.033801"
"105.728521","10.023964"
"105.691678","10.059278"
"105.375988","10.197017"
"105.39874","10.04983"
"106.343567","10.584192"
"105.566572","10.010098"
"105.574489","10.038259"
"105.551049","10.354541"
"105.51355","10.357868"
"105.873077","10.259642"
"105.689311","10.383704"
"105.755211","10.327476"
"105.644835","10.28586"
"105.66044","10.289582"
"105.665905","10.282797"
"105.850204","10.270021"
"105.707128","10.377587"
"105.705473","10.376533"
"105.707944","10.38256"
"105.827285","10.273671"
"105.816929","10.258838"
"105.750178","10.284376"
"105.767076","10.297522"
"105.351201","10.305811"
"105.757277","10.293566"
"105.848379","10.520882"
"105.650698","10.414624"
"105.636969","10.442289"
"105.638541","10.451339"
"105.609313","10.442406"
"105.609404","10.442406"
"105.840161","10.526719"
"105.797068","10.334881"
"105.809311","10.333096"
"105.781457","10.352265"
"105.700588","10.439126"
"105.694504","10.447469"
"105.657121","10.505871"
"105.648836","10.419529"
"105.648836","10.419529"
"105.638712","10.432365"
"105.649272","10.457991"
"105.574813","10.492067"
"105.575343","10.496914"
"105.575343","10.496914"
"105.570021","10.500242"
"105.792538","10.65411"
"105.636621","10.459835"
"105.37584","10.712262"
"105.46995","10.865907"
"105.451133","10.88642"
"105.276406","10.891022"
"105.350792","10.791851"
"105.350792","10.791851"
"105.502792","10.54686"
"105.497296","10.550938"
"105.497296","10.550938"
"105.234237","10.815974"
"105.557193","10.673455"
"105.556694","10.670471"
"105.636126","9.930086"
"105.649253","9.827655"
"105.649253","9.827655"
"105.410611","9.747713"
"105.573051","9.682957"
"105.416761","9.751903"
"105.416761","9.751903"
"105.820793","9.799201"
"105.820793","9.799201"
"105.842007","9.980702"
"105.842871","9.97578"
"105.842871","9.97578"
"105.705423","9.665617"
"105.547031","9.852852"
"105.547426","9.854588"
"105.689045","9.652482"
"105.826844","9.816487"
"105.826844","9.816487"
"105.471152","9.788407"
"105.471159","9.788416"
"105.646384","9.740194"
"105.744324","9.780991"
"105.744324","9.780991"
"105.813993","9.922548"
"105.813993","9.922548"
"105.606509","9.700672"
"105.572114","9.748439"
"105.52465","9.736234"
"105.556419","9.690319"
"105.660417","9.952333"
"105.700033","9.834427"
"105.583958","9.816532"
"105.726982","9.955659"
"105.840629","9.951847"
"105.840629","9.951847"
"105.577057","9.880749"
"105.646594","9.876507"
"105.77941","9.71075"
"105.848039","9.960031"
"105.848039","9.960031"
"105.572313","9.682886"
"105.728799","9.943762"
"105.732745","9.962375"
"105.732745","9.962375"
"105.876941","9.950686"
"105.538722","9.756362"
"105.848781","9.961268"
"105.887656","9.942528"
"105.572313","9.682886"
"105.572114","9.748439"
"105.660417","9.952333"
"105.538722","9.756362"
"105.52465","9.736234"
"105.606509","9.700672"
"105.700033","9.834427"
"105.863603","9.960298"
"105.820793","9.799201"
"105.719152","9.920956"
"105.719271","9.921136"
"105.43642","9.760525"
"105.436575","9.76028"
"105.729101","9.952669"
"105.728899","9.951829"
"105.830244","9.972049"
"105.378475","9.796138"
"105.804804","9.76689"
"105.564152","9.65961"
"105.564161","9.659158"
"105.823689","9.801527"
"105.824189","9.800812"
"105.734314","9.966558"
"105.734295","9.966495"
"105.734268","9.966441"
"105.734277","9.966432"
"105.734295","9.966396"
"105.734241","9.966658"
"105.734232","9.966595"
"105.734213","9.966532"
"105.734213","9.966477"
"105.73414","9.966396"
"105.734204","9.966296"
"105.808525","9.805082"
"105.808552","9.805064"
"105.808416","9.805028"
"105.574767","9.678685"
"105.574913","9.678558"
"105.575104","9.678513"
"105.715132","9.863182"
"105.603893","9.822276"
"105.578388","9.968846"
"105.800345","9.762957"
"105.627439","9.918644"
"105.60299","9.961911"
"105.602633","9.961459"
"105.559225","9.606257"
"105.559161","9.606284"
"105.572722","9.682352"
"105.848249","10.030489"
"106.343567","10.584192"
"105.848989","9.957125"
"105.724416","9.954181"
"105.53236","9.751832"
"105.82053","9.803696"
"105.820621","9.803669"
"105.74084","9.919471"
"105.740886","9.919489"
"105.740895","9.919498"
"105.810276","9.767419"
"105.848542","9.960554"
"105.849194","9.962108"
"105.718348","9.966051"
"105.825452","9.817693"
"105.824595","9.817768"
"105.572768","9.682623"
"105.811597","9.924082"
"105.261544","9.514989"
"105.84431","9.960637"
"105.718089","9.884882"
"105.718408","9.884962"
"105.666817","9.900742"
"105.666799","9.900733"
"105.830244","9.972049"
"105.830053","9.972231"
"105.763744","9.891935"
"105.73671","9.891878"
"105.473816","9.783058"
"105.474354","9.78266"
"105.473071","9.784968"
"105.473098","9.78438"
"105.719089","9.921227"
"105.719153","9.921082"
"105.719043","9.920802"
"105.457441","9.622523"
"105.821454","9.819765"
"105.821647","9.820027"
"105.820945","9.820155"
"105.820926","9.819893"
"105.823135","9.791174"
"105.823071","9.791201"
"105.823143","9.790667"
"105.823254","9.791653"
"105.823518","9.791426"
"105.823591","9.791263"
"105.664356","9.91084"
"105.739418","9.91573"
"105.739527","9.915666"
"105.7395","9.915756"
"105.78993","9.884359"
"105.597734","9.614576"
"105.597825","9.614558"
"105.597779","9.614495"
"105.759838","9.894847"
"105.759738","9.894738"
"105.53813","9.756671"
"105.538266","9.756508"
"105.69415","9.763742"
"105.756215","9.85375"
"105.541867","9.665597"
"105.690597","9.922852"
"105.690605","9.922626"
"105.566518","9.931197"
"105.566363","9.931143"
"105.335602","9.69218"
"105.336012","9.692288"
"105.470283","9.662736"
"105.470411","9.662899"
"105.538152","9.707886"
"105.53818","9.708121"
"105.752154","9.940916"
"105.752602","9.941349"
"105.769839","9.90848"
"105.769703","9.908689"
"105.758268","9.822255"
"105.75834","9.821893"
"105.48334","9.703554"
"105.845622","9.938829"
"105.75184","9.899305"
"105.75195","9.899287"
"105.657435","9.883956"
"105.2618","9.515748"
"105.657708","9.883748"
"105.543642","9.849258"
"105.543532","9.849421"
"105.731518","9.952329"
"105.546404","9.854038"
"105.546188","9.845021"
"105.283991","9.727889"
"105.282216","9.729358"
"105.282071","9.729521"
"105.187932","9.816647"
"105.265031","9.792922"
"105.265205","9.792885"
"105.314675","9.776392"
"105.314565","9.776247"
"105.390173","9.744694"
"105.213985","9.769871"
"105.221377","9.747843"
"105.252803","9.784493"
"105.252785","9.784358"
"105.261253","9.515198"
"105.22778","9.643135"
"105.227807","9.643225"
"105.262977","9.602379"
"105.262787","9.602569"
"105.150026","9.877525"
"105.150062","9.877254"
"103.920085","10.303187"
"103.920121","10.303459"
"103.918445","10.301276"
"105.031906","9.740675"
"105.031085","9.740902"
"105.03175","9.74063"
"105.053637","9.83244"
"105.053811","9.832593"
"104.929741","9.769643"
"104.929704","9.769634"
"105.235663","9.69334"
"105.238406","9.693243"
"105.370981","9.886848"
"105.399362","9.879638"
"105.215923","9.823245"
"105.215704","9.823128"
"105.241329","9.856318"
"105.241284","9.856409"
"105.403027","9.838805"
"105.402944","9.838715"
"105.236891","9.923118"
"105.236927","9.922873"
"105.105439","9.754001"
"105.105503","9.753938"
"105.105627","9.756804"
"105.105678","9.755059"
"105.147013","10.033143"
"106.470446","10.653307"
"106.470446","10.653307"
"106.470446","10.653307"
"106.470446","10.653307"
"106.470446","10.653307"
"106.470446","10.653307"
"106.470446","10.653307"
"106.470446","10.653307"
"106.470446","10.653307"
"106.470446","10.653307"
"106.525314","10.634574"
"106.525314","10.634574"
"106.525314","10.634574"
"106.438565","10.749282"
"106.438565","10.749282"
"106.438565","10.749282"
"106.438565","10.749282"
"106.438565","10.749282"
"106.438565","10.749282"
"106.438565","10.749282"
"106.438565","10.749282"
"106.443199","10.720998"
"106.443199","10.720998"
"106.533684","10.639531"
"106.533684","10.639531"
"106.533684","10.639531"
"106.533684","10.639531"
"106.533684","10.639531"
"106.539448","10.683142"
"106.539448","10.683142"
"106.539448","10.683142"
"106.539448","10.683142"
"106.539448","10.683142"
"106.484186","10.70176"
"106.484186","10.70176"
"106.422901","10.720313"
"106.422901","10.720313"
"106.422901","10.720313"
"106.407416","10.783503"
"106.407416","10.783503"
"106.407416","10.783503"
"106.407416","10.783503"
"106.407416","10.783503"
"106.407416","10.783503"
"106.407416","10.783503"
"106.407416","10.783503"
"106.510657","10.666689"
"106.510657","10.666689"
"106.510657","10.666689"
"106.510657","10.666689"
"106.510657","10.666689"
"106.510657","10.666689"
"106.510657","10.666689"
"106.427704","10.659562"
"106.459323","10.608111"
"106.459323","10.608111"
"106.459323","10.608111"
"106.449073","10.637926"
"106.449073","10.637926"
"106.449127","10.637947"
"106.619756","10.590436"
"106.619756","10.590436"
"106.619756","10.590436"
"106.619756","10.590436"
"106.619756","10.590436"
"106.619756","10.590436"
"106.619756","10.590436"
"106.616363","10.572689"
"106.690171","10.632146"
"106.690171","10.632146"
"106.690171","10.632146"
"106.690171","10.632146"
"106.652458","10.540198"
"106.652458","10.540198"
"106.652458","10.540198"
"106.635201","10.565006"
"106.633548","10.605887"
"106.633548","10.605887"
"106.633548","10.605887"
"106.633548","10.605887"
"106.611395","10.629335"
"106.611395","10.629335"
"106.611395","10.629335"
"106.611395","10.629335"
"106.611395","10.629335"
"106.611395","10.629335"
"106.611395","10.629335"
"106.611395","10.629335"
"106.67847","10.609862"
"106.67847","10.609862"
"106.71413","10.57007"
"106.71413","10.57007"
"106.606772","10.638993"
"106.606772","10.638993"
"106.606772","10.638993"
"106.293389","10.967387"
"106.470431","10.818513"
"106.418472","10.845141"
"106.380893","10.879909"
"106.380893","10.879909"
"106.380893","10.879909"
"106.380893","10.879909"
"106.380893","10.879909"
"106.380893","10.879909"
"106.447189","10.808223"
"106.447189","10.808223"
"106.447189","10.808223"
"106.447189","10.808223"
"106.447189","10.808223"
"106.034036","10.755106"
"106.034036","10.755106"
"106.034036","10.755106"
"105.941461","10.782683"
"105.941461","10.782683"
"106.057682","10.731494"
"106.057682","10.731494"
"106.057682","10.731494"
"106.057682","10.731494"
"106.057682","10.731494"
"105.904576","10.79656"
"105.904576","10.79656"
"105.929699","10.817443"
"105.901218","10.830249"
"105.971304","10.758778"
"105.881472","10.744757"
"105.881472","10.744757"
"106.447303","10.586879"
"105.663422","10.925988"
"105.663422","10.925988"
"105.723401","10.876287"
"105.62643","10.86003"
"105.765758","10.803185"
"105.765758","10.803185"
"105.765758","10.803185"
"105.563313","10.932004"
"105.719888","10.716965"
"105.592296","10.906753"
"105.794051","10.73294"
"105.794051","10.73294"
"105.794051","10.73294"
"105.782155","10.662089"
"105.782155","10.662089"
"105.648306","10.809619"
"105.893294","10.66557"
"105.893294","10.66557"
"105.834931","10.647954"
"105.834931","10.647954"
"105.834931","10.647954"
"105.973385","10.573177"
"105.973385","10.573177"
"105.973385","10.573177"
"105.973385","10.573177"
"105.973385","10.573177"
"105.973385","10.573177"
"105.973385","10.573177"
"106.044991","10.544338"
"106.044991","10.544338"
"106.044991","10.544338"
"106.044991","10.544338"
"106.044991","10.544338"
"106.044991","10.544338"
"105.886775","10.638111"
"105.886775","10.638111"
"106.031711","10.642798"
"106.031711","10.642798"
"106.031711","10.642798"
"105.922636","10.635291"
"105.922636","10.635291"
"105.922636","10.635291"
"105.922636","10.635291"
"106.063446","10.576923"
"106.063446","10.576923"
"106.063446","10.576923"
"105.943503","10.627518"
"106.009371","10.618993"
"106.009371","10.618993"
"106.368509","10.660788"
"106.368509","10.660788"
"106.368509","10.660788"
"106.368509","10.660788"
"106.447303","10.586879"
"106.447303","10.586879"
"106.516721","10.5386"
"106.447303","10.586879"
"106.447303","10.586879"
"106.447303","10.586879"
"106.447303","10.586879"
"106.447303","10.586879"
"106.447303","10.586879"
"106.467234","10.565655"
"106.467234","10.565655"
"106.467234","10.565655"
"106.467234","10.565655"
"106.467234","10.565655"
"106.467234","10.565655"
"106.467234","10.565655"
"106.467234","10.565655"
"106.467234","10.565655"
"106.467234","10.565655"
"106.495842","10.520883"
"106.495842","10.520883"
"106.495842","10.520883"
"106.495842","10.520883"
"106.495842","10.520883"
"106.495842","10.520883"
"106.495842","10.520883"
"106.495842","10.520883"
"106.495842","10.520883"
"106.495842","10.520883"
"106.354041","10.566336"
"106.495842","10.520883"
"106.495842","10.520883"
"106.480487","10.536321"
"106.480487","10.536321"
"106.480487","10.536321"
"106.480487","10.536321"
"106.480487","10.536321"
"106.480487","10.536321"
"106.480487","10.536321"
"106.480487","10.536321"
"106.480487","10.536321"
"106.480487","10.536321"
"106.467186","10.554866"
"106.467186","10.554866"
"106.467186","10.554866"
"106.467186","10.554866"
"106.467186","10.554866"
"106.54413","10.488197"
"106.54413","10.488197"
"106.54413","10.488197"
"106.54413","10.488197"
"106.54413","10.488197"
"106.54413","10.488197"
"106.54413","10.488197"
"106.293311","10.620614"
"106.293311","10.620614"
"106.293311","10.620614"
"106.293311","10.620614"
"106.293311","10.620614"
"106.293311","10.620614"
"106.293311","10.620614"
"106.293311","10.620614"
"106.293311","10.620614"
"106.293311","10.620614"
"106.293311","10.620614"
"106.293311","10.620614"
"106.293311","10.620614"
"106.293311","10.620614"
"106.256656","10.636325"
"106.256656","10.636325"
"106.256656","10.636325"
"106.256656","10.636325"
"106.256656","10.636325"
"106.256656","10.636325"
"106.17225","10.773769"
"106.17225","10.773769"
"106.17225","10.773769"
"106.17225","10.773769"
"106.17225","10.773769"
"106.17225","10.773769"
"106.17225","10.773769"
"106.17225","10.773769"
"106.17225","10.773769"
"106.17225","10.773769"
"106.145891","10.688639"
"106.145891","10.688639"
"106.145891","10.688639"
"106.145891","10.688639"
"106.145891","10.688639"
"106.145891","10.688639"
"106.102689","10.692334"
"106.102689","10.692334"
"106.102689","10.692334"
"106.102689","10.692334"
"106.102689","10.692334"
"106.102689","10.692334"
"106.102689","10.692334"
"106.102689","10.692334"
"106.102689","10.692334"
"106.102689","10.692334"
"106.102689","10.692334"
"106.102689","10.692334"
"106.102689","10.692334"
"106.240369","10.745176"
"106.240369","10.745176"
"106.240369","10.745176"
"106.240369","10.745176"
"106.240369","10.745176"
"106.240369","10.745176"
"106.240369","10.745176"
"106.182994","10.66329"
"106.182994","10.66329"
"106.182994","10.66329"
"106.182994","10.66329"
"106.182994","10.66329"
"106.182994","10.66329"
"106.182994","10.66329"
"106.182994","10.66329"
"106.182994","10.66329"
"106.182994","10.66329"
"106.182994","10.66329"
"106.215487","10.655988"
"106.215487","10.655988"
"106.215487","10.655988"
"106.215487","10.655988"
"106.215487","10.655988"
"106.215487","10.655988"
"106.215487","10.655988"
"106.215487","10.655988"
"106.103217","10.635704"
"106.103217","10.635704"
"106.103217","10.635704"
"106.103217","10.635704"
"106.103217","10.635704"
"106.103217","10.635704"
"106.103217","10.635704"
"106.103217","10.635704"
"106.103217","10.635704"
"106.103217","10.635704"
"106.141343","10.600348"
"106.141343","10.600348"
"106.141343","10.600348"
"106.410431","10.584964"
"106.410431","10.584964"
"106.410431","10.584964"
"106.410431","10.584964"
"106.410431","10.584964"
"106.410431","10.584964"
"106.410431","10.584964"
"106.410431","10.584964"
"106.410431","10.584964"
"106.410431","10.584964"
"106.353099","10.615704"
"106.353099","10.615704"
"106.354041","10.566336"
"106.354041","10.566336"
"106.354041","10.566336"
"106.354041","10.566336"
"106.354041","10.566336"
"106.354041","10.566336"
"106.354041","10.566336"
"106.354041","10.566336"
"106.354041","10.566336"
"106.354041","10.566336"
"106.354041","10.566336"
"106.354041","10.566336"
"106.354041","10.566336"
"106.354041","10.566336"
"106.354041","10.566336"
"106.354041","10.566336"
"106.354041","10.566336"
"106.354041","10.566336"
"106.354041","10.566336"
"106.354041","10.566336"
"106.375676","10.587786"
"106.375676","10.587786"
"106.375676","10.587786"
"106.375676","10.587786"
"106.375676","10.587786"
"106.375676","10.587786"
"106.375676","10.587786"
"106.375676","10.587786"
"106.425507","10.605823"
"106.425507","10.605823"
"106.425507","10.605823"
"106.425507","10.605823"
"106.425507","10.605823"
"106.425507","10.605823"
"106.425507","10.605823"
"106.425507","10.605823"
"106.425507","10.605823"
"106.425507","10.605823"
"106.425507","10.605823"
"106.287991","10.657641"
"106.287991","10.657641"
"106.287991","10.657641"
"106.353735","10.635954"
"106.353735","10.635954"
"106.261261","10.678364"
"106.261261","10.678364"
"106.261261","10.678364"
"106.261261","10.678364"
"106.261261","10.678364"
"106.261261","10.678364"
"106.261261","10.678364"
"106.261261","10.678364"
"106.261261","10.678364"
"106.261261","10.678364"
"106.368509","10.660788"
"106.368509","10.660788"
"106.368509","10.660788"
"106.368509","10.660788"
"106.368509","10.660788"
"106.368509","10.660788"
"106.353735","10.635954"
"106.353735","10.635954"
"106.343567","10.584192"
"106.343567","10.584192"
"106.343567","10.584192"
"106.343567","10.584192"
"106.343567","10.584192"
"106.343567","10.584192"
"106.343567","10.584192"
"106.343567","10.584192"
"106.343567","10.584192"
"106.343567","10.584192"
"106.343567","10.584192"
"106.343567","10.584192"
"106.343567","10.584192"
"106.343567","10.584192"
"106.343567","10.584192"
"106.343567","10.584192"
"106.343567","10.584192"
"106.343567","10.584192"
"106.343567","10.584192"
"106.343567","10.584192"
"106.343567","10.584192"
"106.343567","10.584192"
"106.343567","10.584192"
"106.329354","10.625977"
"106.329354","10.625977"
"106.329354","10.625977"
"106.329354","10.625977"
"106.329354","10.625977"
"106.329354","10.625977"
"106.329354","10.625977"
"106.329354","10.625977"
"106.329354","10.625977"
"106.329354","10.625977"
"106.329354","10.625977"
"106.329354","10.625977"
"106.329354","10.625977"
"106.329354","10.625977"
"106.410272","10.585503"
"106.410272","10.585503"
"106.410272","10.585503"
"106.410272","10.585503"
"106.410272","10.585503"
"106.442247","10.529001"
"106.442247","10.529001"
"106.442247","10.529001"
"106.442247","10.529001"
"106.442247","10.529001"
"106.442247","10.529001"
"106.442247","10.529001"
"106.442247","10.529001"
"106.442247","10.529001"
"106.442247","10.529001"
"106.442247","10.529001"
"106.442247","10.529001"
"106.442247","10.529001"
"106.442247","10.529001"
"106.442247","10.529001"
"106.442247","10.529001"
"106.442247","10.529001"
"106.440616","10.547106"
"106.440616","10.547106"
"106.440616","10.547106"
"106.440616","10.547106"
"106.440616","10.547106"
"106.440616","10.547106"
"106.440616","10.547106"
"106.440616","10.547106"
"106.440616","10.547106"
"106.440616","10.547106"
"106.440616","10.547106"
"106.440616","10.547106"
"106.440616","10.547106"
"106.440616","10.547106"
"106.392789","10.566318"
"106.392789","10.566318"
"106.392789","10.566318"
"106.392789","10.566318"
"106.392789","10.566318"
"106.392789","10.566318"
"106.392789","10.566318"
"106.392789","10.566318"
"106.392789","10.566318"
"106.392789","10.566318"
"106.392789","10.566318"
"106.392789","10.566318"
"106.392789","10.566318"
"106.392789","10.566318"
"106.400477","10.500483"
"106.400477","10.500483"
"106.400477","10.500483"
"106.400477","10.500483"
"106.400477","10.500483"
"106.400477","10.500483"
"106.400477","10.500483"
"106.400477","10.500483"
"106.400477","10.500483"
"106.400477","10.500483"
"106.400477","10.500483"
"106.400477","10.500483"
"106.400477","10.500483"
"106.378631","10.548174"
"106.378631","10.548174"
"106.378631","10.548174"
"106.378631","10.548174"
"106.378631","10.548174"
"106.378631","10.548174"
"106.378631","10.548174"
"106.378631","10.548174"
"106.378631","10.548174"
"106.378631","10.548174"
"106.378631","10.548174"
"106.378631","10.548174"
"106.378631","10.548174"
"106.378631","10.548174"
"106.378631","10.548174"
"106.378631","10.548174"
"106.378631","10.548174"
"106.378631","10.548174"
"106.378631","10.548174"
"105.739674","11.005204"
"105.739674","11.005204"
"105.739674","11.005204"
"105.739674","11.005204"
"105.785947","10.815013"
"105.785947","10.815013"
"105.785947","10.815013"
"105.785947","10.815013"
"105.808263","10.937064"
"105.808263","10.937064"
"105.808263","10.937064"
"105.808263","10.937064"
"105.808263","10.937064"
"105.810608","10.87512"
"105.810608","10.87512"
"105.810608","10.87512"
"105.742914","10.917168"
"105.742914","10.917168"
"105.698213","10.953157"
"105.698213","10.953157"
"105.698213","10.953157"
"105.698213","10.953157"
"105.835286","10.916113"
"105.835286","10.916113"
"105.835286","10.916113"
"105.835286","10.916113"
"105.835286","10.916113"
"105.759827","10.852097"
"105.759827","10.852097"
"105.870386","10.838326"
"105.870386","10.838326"
"105.870386","10.838326"
"105.870386","10.838326"
"106.220373","10.977137"
"106.220373","10.977137"
"106.220373","10.977137"
"106.220373","10.977137"
"106.210189","10.927541"
"106.210189","10.927541"
"106.210189","10.927541"
"106.210189","10.927541"
"106.210189","10.927541"
"106.2227","10.887389"
"106.2227","10.887389"
"106.2227","10.887389"
"106.2227","10.887389"
"106.2227","10.887389"
"106.2227","10.887389"
"106.2227","10.887389"
"106.209497","10.80601"
"106.209497","10.80601"
"106.209497","10.80601"
"106.26089","10.805697"
"106.26089","10.805697"
"106.26089","10.805697"
"106.26089","10.805697"
"106.26089","10.805697"
"106.368934","10.812537"
"106.260756","10.946096"
"106.260756","10.946096"
"106.303777","10.866485"
"106.303777","10.866485"
"106.284445","10.841905"
"106.284445","10.841905"
"106.284445","10.841905"
"106.284445","10.841905"
"106.284445","10.841905"
"106.704443","10.492137"
"106.704443","10.492137"
"106.67791","10.463417"
"106.67791","10.463417"
"106.67791","10.463417"
"106.503167","10.603074"
"106.503167","10.603074"
"106.588515","10.586591"
"106.588515","10.586591"
"106.588515","10.586591"
"106.588515","10.586591"
"106.588515","10.586591"
"106.588515","10.586591"
"106.565957","10.607853"
"106.565957","10.607853"
"106.565957","10.607853"
"106.565957","10.607853"
"106.565957","10.607853"
"106.565957","10.607853"
"106.565957","10.607853"
"106.589192","10.618588"
"106.589192","10.618588"
"106.589192","10.618588"
"106.589192","10.618588"
"106.589192","10.618588"
"106.589192","10.618588"
"106.589192","10.618588"
"106.589192","10.618588"
"106.603293","10.554483"
"106.603293","10.554483"
"106.603293","10.554483"
"106.603293","10.554483"
"106.603293","10.554483"
"106.603293","10.554483"
"106.603293","10.554483"
"106.603293","10.554483"
"106.603293","10.554483"
"106.621182","10.489599"
"106.621182","10.489599"
"106.621182","10.489599"
"106.621182","10.489599"
"106.621182","10.489599"
"106.621182","10.489599"
"106.621182","10.489599"
"106.621182","10.489599"
"106.621182","10.489599"
"106.621182","10.489599"
"106.621182","10.489599"
"106.621182","10.489599"
"106.621182","10.489599"
"106.621182","10.489599"
"106.621182","10.489599"
"106.621182","10.489599"
"106.621182","10.489599"
"106.621182","10.489599"
"106.621182","10.489599"
"106.578874","10.51371"
"106.537109","10.597909"
"106.537109","10.597909"
"106.537109","10.597909"
"106.537109","10.597909"
"106.593165","10.491779"
"106.593165","10.491779"
"106.593165","10.491779"
"106.593165","10.491779"
"106.593165","10.491779"
"106.593165","10.491779"
"106.608251","10.460844"
"106.608251","10.460844"
"106.608251","10.460844"
"106.608251","10.460844"
"106.608251","10.460844"
"106.608251","10.460844"
"106.608251","10.460844"
"106.608251","10.460844"
"106.608251","10.460844"
"106.608251","10.460844"
"106.611302","10.524565"
"106.611302","10.524565"
"106.611302","10.524565"
"106.611302","10.524565"
"106.611302","10.524565"
"106.611302","10.524565"
"106.611302","10.524565"
"106.611302","10.524565"
"106.611302","10.524565"
"106.572762","10.564318"
"106.477762","10.436687"
"106.477762","10.436687"
"106.477762","10.436687"
"106.477762","10.436687"
"106.477762","10.436687"
"106.477762","10.436687"
"106.477762","10.436687"
"106.477762","10.436687"
"106.477762","10.436687"
"106.477762","10.436687"
"106.477762","10.436687"
"106.477762","10.436687"
"106.477762","10.436687"
"106.465469","10.509201"
"106.465469","10.509201"
"106.465469","10.509201"
"106.465469","10.509201"
"106.465469","10.509201"
"106.465469","10.509201"
"106.465469","10.509201"
"106.465469","10.509201"
"106.465469","10.509201"
"106.465469","10.509201"
"106.465469","10.509201"
"106.465469","10.509201"
"106.465469","10.509201"
"106.465469","10.509201"
"106.465469","10.509201"
"106.461854","10.430506"
"106.461854","10.430506"
"106.461854","10.430506"
"106.461854","10.430506"
"106.461854","10.430506"
"106.461854","10.430506"
"106.461854","10.430506"
"106.461854","10.430506"
"106.461854","10.430506"
"106.452032","10.461577"
"106.452032","10.461577"
"106.452032","10.461577"
"106.452032","10.461577"
"106.452032","10.461577"
"106.452032","10.461577"
"106.452032","10.461577"
"106.452032","10.461577"
"106.452032","10.461577"
"106.452032","10.461577"
"106.452032","10.461577"
"106.452032","10.461577"
"106.452032","10.461577"
"106.452032","10.461577"
"106.452032","10.461577"
"106.473587","10.476827"
"106.473587","10.476827"
"106.473587","10.476827"
"106.473587","10.476827"
"106.473587","10.476827"
"106.473587","10.476827"
"106.473587","10.476827"
"106.473587","10.476827"
"106.473587","10.476827"
"106.473587","10.476827"
"106.473587","10.476827"
"106.473587","10.476827"
"106.473587","10.476827"
"106.449952","10.414686"
"106.449952","10.414686"
"106.449952","10.414686"
"106.449952","10.414686"
"106.449952","10.414686"
"106.449952","10.414686"
"106.449952","10.414686"
"106.449952","10.414686"
"106.449952","10.414686"
"106.449952","10.414686"
"106.449952","10.414686"
"106.486179","10.500791"
"106.486179","10.500791"
"106.486179","10.500791"
"106.486179","10.500791"
"106.486179","10.500791"
"106.486179","10.500791"
"106.486179","10.500791"
"106.486179","10.500791"
"106.486179","10.500791"
"106.486179","10.500791"
"106.486179","10.500791"
"106.486179","10.500791"
"106.486179","10.500791"
"106.486179","10.500791"
"106.486179","10.500791"
"106.486179","10.500791"
"106.486179","10.500791"
"106.486179","10.500791"
"106.50541","10.471636"
"106.50541","10.471636"
"106.50541","10.471636"
"106.50541","10.471636"
"106.50541","10.471636"
"106.50541","10.471636"
"106.50541","10.471636"
"106.50541","10.471636"
"106.50541","10.471636"
"106.50541","10.471636"
"106.50541","10.471636"
"106.50541","10.471636"
"106.50541","10.471636"
"106.50541","10.471636"
"106.50541","10.471636"
"106.50541","10.471636"
"106.557518","10.430325"
"106.557518","10.430325"
"106.557518","10.430325"
"106.557518","10.430325"
"106.557518","10.430325"
"106.557518","10.430325"
"106.557518","10.430325"
"106.557518","10.430325"
"106.557518","10.430325"
"106.557518","10.430325"
"106.562385","10.445172"
"106.562385","10.445172"
"106.562385","10.445172"
"106.562385","10.445172"
"106.562385","10.445172"
"106.562385","10.445172"
"106.562385","10.445172"
"106.562385","10.445172"
"106.562385","10.445172"
"106.562385","10.445172"
"106.562385","10.445172"
"106.562385","10.445172"
"106.562385","10.445172"
"106.562385","10.445172"
"106.518667","10.454961"
"106.518667","10.454961"
"106.518667","10.454961"
"106.518667","10.454961"
"106.518667","10.454961"
"106.518667","10.454961"
"106.518667","10.454961"
"106.354041","10.566336"
"106.518667","10.454961"
"106.518667","10.454961"
"106.518667","10.454961"
"106.510764","10.666542"
"106.510764","10.666542"
"106.510764","10.666542"
"106.440442","10.473716"
"106.440442","10.473716"
"106.440442","10.473716"
"106.440442","10.473716"
"106.440442","10.473716"
"106.440442","10.473716"
"106.440442","10.473716"
"106.440442","10.473716"
"106.440442","10.473716"
"106.440442","10.473716"
"106.440442","10.473716"
"106.440442","10.473716"
"106.440442","10.473716"
"106.440442","10.473716"
"106.471275","10.658337"
"106.471275","10.658337"
"106.044991","10.544338"
"106.443256","10.721051"
"106.443256","10.721051"
"106.443256","10.721051"
"106.443256","10.721051"
"106.443256","10.721051"
"106.443256","10.721051"
"106.443256","10.721051"
"106.443256","10.721051"
"106.443256","10.721051"
"106.443256","10.721051"
"106.443256","10.721051"
"106.510668","10.666647"
"106.510668","10.666647"
"106.510668","10.666647"
"106.510668","10.666647"
"106.42272","10.71969"
"106.539448","10.683142"
"106.539448","10.683142"
"106.221441","10.979577"
"106.221441","10.979577"
"106.221441","10.979577"
"106.356496","10.900556"
"105.943503","10.627518"
"105.929721","10.817538"
"106.048775","10.79005"
"106.67847","10.609862"
"106.61981","10.590436"
"106.61981","10.590436"
"106.606805","10.638961"
"106.611395","10.629335"
"106.611395","10.629335"
"106.608251","10.460844"
"106.592661","10.494638"
"106.621182","10.489599"
"106.611587","10.527246"
"106.611587","10.527246"
"106.611587","10.527246"
"106.611587","10.527246"
"106.142475","10.594026"
"106.182983","10.663427"
"106.182983","10.663427"
"106.182983","10.663427"
"106.182983","10.663427"
"106.182983","10.663427"
"106.182983","10.663427"
"106.182983","10.663427"
"106.473587","10.476827"
"106.449952","10.414686"
"106.510764","10.666542"
"106.510764","10.666542"
"106.562321","10.445235"
"106.55755","10.430399"
"106.288324","10.663223"
"106.288324","10.663223"
"106.288324","10.663223"
"106.288324","10.663223"
"106.288324","10.663223"
"106.288324","10.663223"
"106.288324","10.663223"
"106.288324","10.663223"
"106.288324","10.663223"
"106.353088","10.615661"
"106.353088","10.615661"
"106.353088","10.615661"
"106.353088","10.615661"
"106.353088","10.615661"
"106.353088","10.615661"
"106.353088","10.615661"
"106.353088","10.615661"
"106.353088","10.615661"
"106.353088","10.615661"
"106.353088","10.615661"
"106.353088","10.615661"
"106.353088","10.615661"
"106.353088","10.615661"
"106.351969","10.632563"
"106.329193","10.625893"
"106.261261","10.678364"
"105.787878","10.805856"
"105.787878","10.805856"
"105.787878","10.805856"
"105.742914","10.917168"
"105.973428","10.573198"
"106.440616","10.547106"
"106.633548","10.605887"
"106.633548","10.605887"
"106.690246","10.632157"
"106.522353","10.496829"
"106.522353","10.496829"
"106.522353","10.496829"
"106.522353","10.496829"
"106.522353","10.496829"
"106.522353","10.496829"
"106.522353","10.496829"
"106.522353","10.496829"
"106.522353","10.496829"
"106.486179","10.500791"
"106.449952","10.414686"
"105.904576","10.79656"
"106.17225","10.773769"
"106.122791","10.635394"
"106.122791","10.635394"
"106.145966","10.688629"
"106.215412","10.656041"
"106.256656","10.636325"
"106.256656","10.636325"
"106.028825","10.659343"
"106.368509","10.660788"
"106.368509","10.660788"
"105.886893","10.638058"
"106.044991","10.544338"
"106.608251","10.460844"
"106.608251","10.460844"
"106.593187","10.491842"
"106.593187","10.491842"
"106.67791","10.463417"
"106.537152","10.597666"
"106.210103","10.92751"
"106.210103","10.92751"
"106.210103","10.92751"
"106.368934","10.812537"
"106.368934","10.812537"
"106.287214","10.835634"
"106.425507","10.605823"
"106.425507","10.605823"
"106.425507","10.605823"
"106.425507","10.605823"
"106.343438","10.584377"
"106.329258","10.625893"
"106.354041","10.566336"
"106.518517","10.454866"
"106.510764","10.666542"
"106.443149","10.721019"
"106.443149","10.721019"
"106.652458","10.540198"
"106.60674","10.638834"
"106.60674","10.638834"
"106.60674","10.638834"
"106.60674","10.638834"
"106.60674","10.638834"
"106.60674","10.638834"
"106.579046","10.512697"
"106.579046","10.512697"
"105.765758","10.803185"
"106.378599","10.548153"
"106.378599","10.548153"
"106.414766","10.539609"
"106.400369","10.500388"
"106.55755","10.430399"
"106.55755","10.430399"
"106.55755","10.430399"
"106.522449","10.496734"
"106.48053","10.536437"
"106.516399","10.538611"
"105.723871","10.87174"
"105.881462","10.744663"
"106.522331","10.496808"
"106.522331","10.496808"
"106.522331","10.496808"
"106.2227","10.887389"
"105.92971","10.817506"
"106.293311","10.620614"
"106.239406","10.746449"
"106.239406","10.746449"
"106.239406","10.746449"
"106.239406","10.746449"
"106.239406","10.746449"
"106.215497","10.656052"
"106.17225","10.773769"
"106.260858","10.805718"
"106.260756","10.946096"
"105.881462","10.744663"
"106.015155","10.745222"
"106.048743","10.790134"
"106.048743","10.790134"
"105.901952","10.830728"
"106.044991","10.544338"
"106.044991","10.544338"
"105.886893","10.638058"
"105.973363","10.573061"
"105.973363","10.573061"
"106.044991","10.544338"
"106.440616","10.547106"
"106.440616","10.547106"
"106.261261","10.678364"
"106.261261","10.678364"
"105.698164","10.951077"
"106.54413","10.488197"
"105.592355","10.904955"
"105.719834","10.716933"
"105.626379","10.859839"
"106.443192","10.721051"
"106.40497","10.769528"
"106.40497","10.769528"
"106.589267","10.618672"
"106.589267","10.618672"
"106.589267","10.618672"
"106.589267","10.618672"
"106.589267","10.618672"
"106.566054","10.607916"
"106.621182","10.489599"
"106.621182","10.489599"
"106.621182","10.489599"
"106.603293","10.554483"
"106.588457","10.586701"
"106.588457","10.586701"
"106.608251","10.460844"
"106.102721","10.692302"
"105.943503","10.627518"
"106.303777","10.866485"
"106.303777","10.866485"
"106.303777","10.866485"
"106.611395","10.629335"
"106.611395","10.629335"
"106.621182","10.489599"
"106.486179","10.500791"
"106.473587","10.476827"
"106.449952","10.414686"
"106.449952","10.414686"
"106.536602","10.641463"
"106.480508","10.536353"
"106.510679","10.666615"
"105.973363","10.573061"
"106.562289","10.445288"
"106.55755","10.430399"
"106.55755","10.430399"
"106.55755","10.430399"
"106.440616","10.547106"
"106.425507","10.605823"
"106.329322","10.625904"
"106.467234","10.565655"
"106.240169","10.751032"
"106.145966","10.688629"
"106.183445","10.663248"
"106.183445","10.663248"
"106.690107","10.632146"
"106.2227","10.887389"
"106.447136","10.808107"
"106.562343","10.445193"
"106.562343","10.445193"
"106.440442","10.473716"
"106.55755","10.430399"
"106.55755","10.430399"
"106.405002","10.769517"
"106.510668","10.666594"
"106.510668","10.666594"
"106.469855","10.654667"
"105.929656","10.817527"
"105.958065","10.851263"
"106.031753","10.642766"
"106.008426","10.618711"
"105.941461","10.782693"
"105.835286","10.916113"
"105.869961","10.835547"
"105.869961","10.835547"
"105.869961","10.835547"
"105.869961","10.835547"
"106.356496","10.900556"
"106.210103","10.92751"
"106.368934","10.812537"
"106.260756","10.946096"
"106.480573","10.536426"
"106.105403","10.628225"
"106.105403","10.628225"
"106.145966","10.688629"
"106.145966","10.688629"
"106.102721","10.692302"
"106.17225","10.773769"
"105.941332","10.782672"
"106.536688","10.641431"
"106.221441","10.979577"
"106.447303","10.586879"
"106.71413","10.57007"
"106.261261","10.678364"
"106.261261","10.678364"
"106.261261","10.678364"
"106.215497","10.656052"
"106.008426","10.618711"
"105.973363","10.573061"
"106.044991","10.544338"
"106.293389","10.967387"
"106.293389","10.967387"
"106.418472","10.845141"
"106.480573","10.536426"
"106.467186","10.554866"
"106.54413","10.488197"
"105.810608","10.87512"
"105.739674","11.005204"
"105.782155","10.662089"
"106.353088","10.615661"
"106.368509","10.660788"
"106.368509","10.660788"
"105.901952","10.830728"
"106.145966","10.688629"
"105.973428","10.573198"
"105.973428","10.573198"
"106.449952","10.414686"
"106.473587","10.476827"
"106.473587","10.476827"
"105.734682","10.851288"
"106.510668","10.666594"
"105.739674","11.005204"
"106.539448","10.683142"
"105.742914","10.917168"
"106.048743","10.790134"
"106.048743","10.790134"
"106.368509","10.660788"
"106.288324","10.663223"
"106.368934","10.812537"
"106.209497","10.80601"
"106.210103","10.92751"
"106.449127","10.637947"
"106.400369","10.500388"
"106.440616","10.547106"
"106.440616","10.547106"
"106.440616","10.547106"
"106.392789","10.566318"
"106.392789","10.566318"
"106.392789","10.566318"
"105.943503","10.627518"
"105.92436","10.637463"
"106.261261","10.678364"
"106.261261","10.678364"
"106.261261","10.678364"
"106.288324","10.663223"
"106.288324","10.663223"
"106.368509","10.660788"
"106.368509","10.660788"
"106.368509","10.660788"
"106.425507","10.605823"
"106.425507","10.605823"
"106.351969","10.632563"
"106.105403","10.628225"
"106.293311","10.620614"
"106.293311","10.620614"
"106.293311","10.620614"
"106.293311","10.620614"
"106.256656","10.636325"
"106.17225","10.773769"
"106.17225","10.773769"
"106.102721","10.692302"
"106.102721","10.692302"
"106.469855","10.654667"
"106.539448","10.683142"
"106.539448","10.683142"
"106.427704","10.659562"
"105.958065","10.851263"
"105.958065","10.851263"
"105.904576","10.79656"
"105.929656","10.817527"
"105.901952","10.830728"
"106.566054","10.607916"
"106.566054","10.607916"
"106.621182","10.489599"
"106.621182","10.489599"
"106.621182","10.489599"
"106.621182","10.489599"
"106.621182","10.489599"
"106.579046","10.512697"
"106.704443","10.492137"
"106.480573","10.536426"
"106.467186","10.554866"
"106.467186","10.554866"
"106.467186","10.554866"
"106.510764","10.666542"
"106.461854","10.430506"
"106.473587","10.476827"
"106.260858","10.805718"
"106.209497","10.80601"
"106.209497","10.80601"
"106.209497","10.80601"
"106.221441","10.979577"
"106.221441","10.979577"
"106.690107","10.632146"
"106.633548","10.605887"
"106.635201","10.565006"
"105.734682","10.851288"
"106.378631","10.548174"
"106.378631","10.548174"
"106.378631","10.548174"
"106.378631","10.548174"
"106.71413","10.57007"
"106.335037","10.93352"
"105.973428","10.573198"
"106.048743","10.790134"
"105.563313","10.932004"
"105.648306","10.809619"
"105.592355","10.904955"
"106.368509","10.660788"
"106.015155","10.745222"
"106.044991","10.544338"
"105.929656","10.817527"
"105.904576","10.79656"
"106.414766","10.539609"
"106.392789","10.566318"
"106.354041","10.566336"
"106.354041","10.566336"
"106.354041","10.566336"
"106.261261","10.678364"
"106.353088","10.615661"
"106.353088","10.615661"
"106.353088","10.615661"
"106.288324","10.663223"
"106.221441","10.979577"
"106.221441","10.979577"
"106.303777","10.866485"
"106.303777","10.866485"
"106.303777","10.866485"
"106.2227","10.887389"
"106.2227","10.887389"
"106.2227","10.887389"
"106.260756","10.946096"
"106.260756","10.946096"
"106.209497","10.80601"
"106.440442","10.473716"
"106.440442","10.473716"
"106.452032","10.461577"
"106.452032","10.461577"
"106.452032","10.461577"
"106.452032","10.461577"
"106.473587","10.476827"
"106.67791","10.463417"
"106.579046","10.512697"
"106.579046","10.512697"
"106.603293","10.554483"
"106.603293","10.554483"
"106.603293","10.554483"
"106.603293","10.554483"
"106.566054","10.607916"
"106.566054","10.607916"
"106.566054","10.607916"
"106.566054","10.607916"
"106.469855","10.654667"
"106.469855","10.654667"
"106.469855","10.654667"
"106.044991","10.544338"
"106.533684","10.639531"
"106.533684","10.639531"
"106.525314","10.634574"
"106.525314","10.634574"
"106.438565","10.749282"
"106.690107","10.632146"
"106.633548","10.605887"
"106.652458","10.540198"
"106.447136","10.808107"
"106.356496","10.900556"
"106.183445","10.663248"
"106.145966","10.688629"
"105.808263","10.937064"
"105.759827","10.852097"
"106.480573","10.536426"
"106.54413","10.488197"
"106.54413","10.488197"
"106.495842","10.520883"
"106.495842","10.520883"
"106.495842","10.520883"
"105.742914","10.917168"
"106.55755","10.430399"
"106.544338","10.566356"
"106.375676","10.587786"
"106.287214","10.835634"
"106.287214","10.835634"
"106.287214","10.835634"
"105.971304","10.758778"
"106.480573","10.536426"
"106.400369","10.500388"
"106.400369","10.500388"
"106.414766","10.539609"
"106.414766","10.539609"
"106.048743","10.790134"
"106.353088","10.615661"
"106.354041","10.566336"
"105.794051","10.73294"
"106.486179","10.500791"
"106.486179","10.500791"
"106.368509","10.660788"
"105.808263","10.937064"
"105.835286","10.916113"
"106.368934","10.812537"
"106.260756","10.946096"
"106.260756","10.946096"
"106.621182","10.489599"
"106.440616","10.547106"
"106.467234","10.565655"
"106.467234","10.565655"
"106.467234","10.565655"
"106.495842","10.520883"
"106.67847","10.609862"
"106.525314","10.634574"
"106.469855","10.654667"
"105.929656","10.817527"
"105.904576","10.79656"
"105.904576","10.79656"
"106.215497","10.656052"
"106.183445","10.663248"
"105.663422","10.925988"
"106.378631","10.548174"
"106.378631","10.548174"
"106.378631","10.548174"
"106.378631","10.548174"
"106.378631","10.548174"
"106.378631","10.548174"
"106.378631","10.548174"
"106.378631","10.548174"
"106.378631","10.548174"
"106.335037","10.93352"
"106.210103","10.92751"
"106.293311","10.620614"
"106.679468","10.570715"
"106.522331","10.496808"
"106.704443","10.492137"
"106.486179","10.500791"
"106.486179","10.500791"
"106.672684","10.532986"
"106.702193","10.533842"
"106.210103","10.92751"
"106.67847","10.609862"
"106.588457","10.586701"
"106.588457","10.586701"
"106.447136","10.808107"
"106.447303","10.586879"
"106.566054","10.607916"
"106.566054","10.607916"
"106.621182","10.489599"
"106.621182","10.489599"
"105.734682","10.851288"
"106.368509","10.660788"
"106.102721","10.692302"
"106.145966","10.688629"
"106.375676","10.587786"
"106.375676","10.587786"
"106.375676","10.587786"
"106.048743","10.790134"
"106.288324","10.663223"
"105.794051","10.73294"
"106.621182","10.489599"
"105.929656","10.817527"
"106.60674","10.638834"
"106.611395","10.629335"
"106.611395","10.629335"
"106.633548","10.605887"
"106.633548","10.605887"
"106.633548","10.605887"
"106.633548","10.605887"
"106.449127","10.637947"
"106.449127","10.637947"
"106.048743","10.790134"
"106.048743","10.790134"
"106.510764","10.666542"
"106.510764","10.666542"
"106.510764","10.666542"
"106.510764","10.666542"
"106.510764","10.666542"
"106.510764","10.666542"
"106.449952","10.414686"
"106.449952","10.414686"
"106.368934","10.812537"
"106.303777","10.866485"
"106.303777","10.866485"
"106.539448","10.683142"
"106.539448","10.683142"
"106.539448","10.683142"
"106.510668","10.666594"
"106.418472","10.845141"
"106.354041","10.566336"
"105.808263","10.937064"
"106.343438","10.584377"
"106.539448","10.683142"
"106.210103","10.92751"
"106.368934","10.812537"
"106.368934","10.812537"
"106.71413","10.57007"
"105.941332","10.782672"
"106.368509","10.660788"
"105.742914","10.917168"
"106.427704","10.659562"
"105.89469","10.280586"
"106.332144","10.346533"
"106.274151","10.334902"
"106.189864","10.418904"
"106.723629","10.439663"
"106.545438","10.282708"
"106.7016","10.381383"
"106.739475","10.318989"
"106.722715","10.297309"
"106.654004","10.36007"
"106.655868","10.267859"
"106.477386","10.325672"
"106.334843","10.344348"
"106.431231","10.327121"
"106.762329","10.406011"
"106.780101","10.292917"
"106.026739","10.327486"
"106.122356","10.402493"
"106.367659","10.347959"
"105.840473","10.322699"
"106.247072","10.353657"
"106.377756","10.350038"
"106.409846","10.33919"
"106.599045","10.389864"
"106.588515","10.414743"
"106.570131","10.40998"
"106.570159","10.410025"
"106.56233","10.392338"
"106.52648","10.427434"
"106.530213","10.414909"
"106.583027","10.388007"
"106.570356","10.38406"
"106.580569","10.367177"
"106.592964","10.373991"
"106.599473","10.382791"
"106.558464","10.34911"
"106.529412","10.357113"
"106.557233","10.332021"
"106.522448","10.359065"
"106.557142","10.331858"
"106.560309","10.356232"
"106.529659","10.357302"
"106.543955","10.339551"
"106.625532","10.418415"
"106.642851","10.459143"
"106.608623","10.425144"
"106.601506","10.431927"
"106.21109","10.364473"
"106.20164","10.360942"
"106.223085","10.352825"
"106.223039","10.352735"
"106.223148","10.352699"
"106.303807","10.339429"
"106.298117","10.339357"
"106.291017","10.337913"
"106.28736","10.335686"
"106.286844","10.338752"
"106.304583","10.34991"
"106.306317","10.348966"
"106.304629","10.349901"
"106.297313","10.349805"
"106.244689","10.371478"
"106.244881","10.37146"
"106.218725","10.375496"
"106.236892","10.368261"
"106.211362","10.40027"
"106.198573","10.400713"
"106.198573","10.400713"
"106.198573","10.400713"
"106.191388","10.404648"
"106.189728","10.419455"
"106.202246","10.42036"
"106.190581","10.415547"
"106.244315","10.389359"
"106.244424","10.389313"
"106.244256","10.398231"
"106.244155","10.398141"
"106.243826","10.398204"
"106.249402","10.382911"
"106.245756","10.399694"
"106.250592","10.361367"
"106.19976","10.374963"
"106.198445","10.394391"
"106.197401","10.392439"
"106.240504","10.324048"
"106.406695","10.465089"
"106.337457","10.398879"
"106.339962","10.414466"
"106.338957","10.414549"
"106.338434","10.393677"
"106.338306","10.393713"
"106.254728","10.423022"
"106.270942","10.426713"
"106.270878","10.426732"
"106.251815","10.400969"
"106.257115","10.401865"
"106.257115","10.401865"
"106.268556","10.398337"
"106.251264","10.41591"
"106.251264","10.41591"
"106.251264","10.41591"
"106.265433","10.399174"
"106.265269","10.399057"
"106.265506","10.399174"
"106.247651","10.419434"
"106.277071","10.409402"
"106.276989","10.409357"
"106.27697","10.409439"
"106.251455","10.415856"
"106.253135","10.403716"
"106.246089","10.41382"
"106.279435","10.397632"
"106.279435","10.397632"
"106.281233","10.385555"
"106.2797","10.386824"
"106.283087","10.395935"
"106.273196","10.397507"
"106.282464","10.394805"
"106.231699","10.401253"
"106.224888","10.404238"
"106.225802","10.416112"
"106.224531","10.421676"
"106.224706","10.404094"
"106.245805","10.401647"
"106.232111","10.401858"
"106.213885","10.395518"
"106.22381","10.427944"
"106.223855","10.427908"
"106.234071","10.41666"
"106.209047","10.322322"
"106.285543","10.336086"
"106.281721","10.333741"
"106.26918","10.333536"
"106.276305","10.333741"
"106.264916","10.328776"
"106.279576","10.334242"
"106.287121","10.334971"
"106.287121","10.334971"
"106.276569","10.333072"
"106.256212","10.351617"
"106.30669","10.414941"
"106.30669","10.414941"
"106.305101","10.410594"
"106.303669","10.426939"
"106.304093","10.39826"
"106.305662","10.412239"
"106.304337","10.402067"
"106.299424","10.42388"
"106.298903","10.42399"
"106.312794","10.425991"
"106.311507","10.436684"
"106.296844","10.437722"
"106.345481","10.501665"
"106.345481","10.501665"
"106.349662","10.508802"
"106.356885","10.514902"
"106.35929","10.516127"
"106.35929","10.516127"
"106.342932","10.506473"
"106.347881","10.518627"
"106.364764","10.479073"
"106.367892","10.480261"
"106.367763","10.479945"
"106.367004","10.488927"
"106.367379","10.488917"
"106.367379","10.488917"
"106.367379","10.488917"
"106.358343","10.471154"
"106.356045","10.473438"
"106.358416","10.470829"
"106.350628","10.478712"
"106.350628","10.478712"
"106.350628","10.478712"
"106.355977","10.499448"
"106.366892","10.483076"
"106.365598","10.480003"
"106.362519","10.494335"
"106.371327","10.489235"
"106.371327","10.489235"
"106.368796","10.484564"
"106.376454","10.480055"
"106.385575","10.472087"
"106.385541","10.473525"
"106.37793","10.482774"
"106.322018","10.488875"
"106.334307","10.453953"
"106.343131","10.49098"
"106.338169","10.476537"
"106.342983","10.475732"
"106.16048","10.472375"
"106.338288","10.4766"
"106.33428","10.453944"
"106.312351","10.449163"
"106.349963","10.498917"
"106.350027","10.498835"
"106.331714","10.499059"
"106.339566","10.476064"
"106.332633","10.477416"
"106.323725","10.452896"
"106.36112","10.465623"
"106.348756","10.460356"
"106.343231","10.461967"
"106.345251","10.448072"
"106.330604","10.452549"
"106.305173","10.378741"
"106.300212","10.372771"
"106.302532","10.372623"
"106.32445","10.425066"
"106.32445","10.425066"
"106.345319","10.416319"
"106.347583","10.429727"
"106.338305","10.422491"
"106.318382","10.444241"
"106.335626","10.421383"
"106.32861","10.421586"
"106.350323","10.420045"
"106.253569","10.34946"
"106.255111","10.34839"
"106.238786","10.358337"
"106.238786","10.358337"
"106.371618","10.387229"
"106.350023","10.396983"
"106.351065","10.382846"
"106.35122","10.382683"
"106.350096","10.396938"
"106.359177","10.382731"
"106.350051","10.397037"
"106.350051","10.397037"
"106.349179","10.390383"
"106.369154","10.383996"
"106.365005","10.397036"
"106.363808","10.396993"
"106.395538","10.384975"
"106.380432","10.373085"
"106.376932","10.381114"
"106.372633","10.364608"
"106.372633","10.364608"
"106.396583","10.386863"
"106.396583","10.386863"
"106.376907","10.363922"
"106.380529","10.398417"
"106.379863","10.398907"
"106.396583","10.386863"
"106.392798","10.394187"
"106.310608","10.393663"
"106.305982","10.386988"
"106.306195","10.388398"
"106.309264","10.36742"
"106.306803","10.391418"
"106.333909","10.392455"
"106.306231","10.388109"
"106.309017","10.367511"
"106.309008","10.367339"
"106.341603","10.383659"
"106.373776","10.351094"
"106.373931","10.35113"
"106.356908","10.352366"
"106.383842","10.35131"
"106.39148","10.361361"
"106.384587","10.363047"
"106.385945","10.35713"
"106.395946","10.365711"
"106.362961","10.355701"
"106.373431","10.347704"
"106.372126","10.348439"
"106.381455","10.345644"
"106.39674","10.36088"
"106.395281","10.344179"
"106.392445","10.351121"
"106.412237","10.358994"
"106.395227","10.344712"
"106.397732","10.381579"
"106.396388","10.35417"
"106.396234","10.354821"
"106.397602","10.358165"
"106.393386","10.36473"
"106.398887","10.38325"
"106.405004","10.355283"
"106.393781","10.352294"
"106.394591","10.372867"
"106.394582","10.372922"
"106.392142","10.354712"
"106.347201","10.339234"
"106.344779","10.338506"
"106.332687","10.348874"
"106.330592","10.347115"
"106.332359","10.344425"
"106.333405","10.346965"
"106.334608","10.345642"
"106.331037","10.385162"
"106.327318","10.349843"
"106.326503","10.378522"
"106.331928","10.377925"
"106.332509","10.38127"
"106.326506","10.365689"
"106.326506","10.365662"
"106.491904","10.347462"
"106.494616","10.327659"
"106.52021","10.32919"
"106.498167","10.334967"
"106.501053","10.32721"
"106.486698","10.327939"
"106.52021","10.32919"
"106.502521","10.352854"
"106.487416","10.338112"
"106.518845","10.342497"
"106.510741","10.352645"
"106.497592","10.350541"
"106.497592","10.350541"
"106.482817","10.31251"
"106.491667","10.320611"
"106.536535","10.312628"
"106.547438","10.3302"
"106.529126","10.322712"
"106.500687","10.31133"
"106.508861","10.311691"
"106.552459","10.307579"
"106.552459","10.307579"
"106.508862","10.311727"
"106.49729","10.357895"
"106.502748","10.36773"
"106.496024","10.363297"
"106.488509","10.360492"
"106.483003","10.368979"
"106.492341","10.358494"
"106.48216","10.351906"
"106.510276","10.360623"
"106.49395","10.378359"
"106.501225","10.37241"
"106.516186","10.383489"
"106.521794","10.371909"
"106.516471","10.384175"
"106.512755","10.396095"
"106.512718","10.396104"
"106.521042","10.400488"
"106.537447","10.399653"
"106.536598","10.381875"
"106.515942","10.376689"
"106.515103","10.388854"
"106.511653","10.371255"
"106.512518","10.369968"
"106.51781","10.371122"
"106.523918","10.388707"
"106.516411","10.370493"
"106.516411","10.370493"
"106.516411","10.370493"
"106.531569","10.401801"
"106.535094","10.404922"
"106.531672","10.39529"
"106.501293","10.385622"
"106.50143","10.385622"
"106.529514","10.38002"
"106.530269","10.404201"
"106.436957","10.398455"
"106.437889","10.406836"
"106.444896","10.402824"
"106.423691","10.397533"
"106.423691","10.397533"
"106.424925","10.410698"
"106.451255","10.382688"
"106.421436","10.393694"
"106.431823","10.389666"
"106.431631","10.389793"
"106.44691","10.392256"
"106.430931","10.408271"
"106.45502","10.391135"
"106.443082","10.408408"
"106.443082","10.408408"
"106.454188","10.33796"
"106.454426","10.338032"
"106.465415","10.338785"
"106.459798","10.342858"
"106.478005","10.320814"
"106.352766","10.450464"
"106.268752","10.450548"
"106.376588","10.455799"
"106.376588","10.455799"
"106.374681","10.461889"
"106.428217","10.35292"
"106.431063","10.380705"
"106.445969","10.350621"
"106.443567","10.359281"
"106.43414","10.363208"
"106.520143","10.406387"
"106.434262","10.364592"
"106.449666","10.353823"
"106.364941","10.397118"
"106.375918","10.413556"
"106.352018","10.407995"
"106.375761","10.421633"
"106.363586","10.399951"
"106.383332","10.40684"
"106.389722","10.458251"
"106.390709","10.458077"
"106.392115","10.448831"
"106.394704","10.450255"
"106.4049","10.454349"
"106.39147","10.463764"
"106.394235","10.462094"
"106.39439","10.46204"
"106.394702","10.427184"
"106.380872","10.45977"
"106.380872","10.45977"
"106.380872","10.45977"
"106.386365","10.42938"
"106.380495","10.449822"
"106.410821","10.432894"
"106.399448","10.433795"
"106.399448","10.433795"
"106.404646","10.446382"
"106.399759","10.455779"
"106.396147","10.441145"
"106.396321","10.441452"
"106.385067","10.460421"
"106.349833","10.440928"
"106.35635","10.42318"
"106.352581","10.435017"
"106.35635","10.42318"
"106.374255","10.431711"
"106.367502","10.440125"
"106.362551","10.426759"
"106.380261","10.447155"
"106.370156","10.442218"
"106.374255","10.431711"
"106.356818","10.438554"
"106.493945","10.384129"
"106.511244","10.398404"
"106.520951","10.408076"
"106.431631","10.389793"
"106.52257","10.412621"
"106.510672","10.407124"
"106.508837","10.396366"
"106.495437","10.404736"
"106.485652","10.396267"
"106.492303","10.396758"
"106.490961","10.389209"
"106.49946","10.387055"
"106.495818","10.403596"
"106.506292","10.40944"
"106.508995","10.405075"
"106.491464","10.408887"
"106.497657","10.397134"
"106.499011","10.386288"
"106.518562","10.421231"
"106.418696","10.351104"
"106.418696","10.351104"
"106.418696","10.351104"
"106.418696","10.351104"
"106.408826","10.37036"
"106.408826","10.37036"
"106.409219","10.370387"
"106.416662","10.387066"
"106.427695","10.36494"
"106.429083","10.364774"
"106.417884","10.450171"
"106.415366","10.448024"
"106.434776","10.466088"
"106.431885","10.447862"
"106.414745","10.452194"
"106.429616","10.47149"
"106.430483","10.441472"
"106.429091","10.461235"
"106.44575","10.454046"
"106.424129","10.439658"
"106.466332","10.356455"
"106.478","10.374217"
"106.487879","10.379775"
"106.466332","10.356455"
"106.476897","10.394677"
"106.479219","10.395359"
"106.462115","10.374054"
"106.407462","10.390621"
"106.411046","10.413911"
"106.40984","10.413678"
"106.40984","10.413678"
"106.40984","10.413678"
"106.39311","10.408422"
"106.392527","10.417883"
"106.415244","10.394847"
"106.41587","10.405617"
"106.406695","10.465089"
"106.415076","10.470507"
"106.415076","10.470507"
"106.394669","10.468596"
"106.418432","10.458608"
"106.41356","10.47912"
"106.407699","10.490328"
"106.407007","10.487454"
"106.397383","10.468925"
"106.397383","10.468925"
"106.390865","10.476246"
"106.413887","10.4829"
"106.412931","10.341665"
"106.431121","10.326931"
"106.448998","10.32862"
"106.445799","10.331458"
"106.443734","10.327284"
"106.439318","10.341582"
"106.432848","10.3357"
"106.419403","10.335538"
"106.422203","10.333832"
"106.431854","10.32796"
"106.451227","10.328859"
"106.45385","10.32567"
"106.45359","10.327778"
"106.447373","10.324635"
"106.437512","10.334279"
"106.437344","10.33295"
"106.43639","10.33505"
"106.43639","10.33505"
"106.451026","10.328805"
"106.451026","10.328805"
"106.454265","10.327152"
"106.454265","10.327152"
"106.427048","10.331317"
"106.427048","10.331317"
"106.437452","10.336323"
"106.427048","10.331317"
"106.417942","10.335649"
"106.453433","10.330971"
"106.453433","10.330971"
"106.453433","10.330971"
"106.428435","10.326593"
"106.454323","10.328916"
"106.454323","10.328916"
"106.043817","10.38435"
"106.043817","10.38435"
"106.031874","10.360511"
"106.02788","10.368148"
"106.022143","10.367827"
"106.019427","10.364447"
"106.029778","10.365912"
"106.029747","10.383096"
"106.038337","10.395335"
"106.62964","10.309196"
"105.874975","10.31064"
"105.884511","10.311505"
"105.860077","10.304088"
"105.870788","10.300241"
"105.896176","10.414931"
"105.885201","10.302813"
"106.661214","10.304343"
"106.641355","10.315241"
"105.893355","10.298124"
"105.913808","10.324027"
"105.914837","10.334979"
"105.915934","10.337158"
"105.91999","10.339191"
"105.905806","10.341468"
"105.905898","10.34145"
"105.902335","10.322558"
"105.894006","10.323665"
"105.894006","10.323665"
"105.862875","10.339668"
"105.866249","10.349191"
"105.853764","10.355273"
"105.894006","10.323665"
"105.874422","10.321186"
"105.882526","10.326727"
"105.874893","10.332202"
"105.890572","10.323811"
"105.894006","10.323665"
"105.894006","10.323665"
"105.894006","10.323665"
"105.894006","10.323665"
"106.019538","10.355719"
"106.019538","10.355719"
"106.013331","10.361314"
"106.017634","10.340047"
"106.013302","10.337581"
"106.045807","10.324249"
"106.036765","10.335373"
"106.048683","10.323785"
"106.036765","10.335373"
"106.015042","10.364514"
"106.015042","10.364514"
"106.015042","10.364514"
"106.014229","10.36437"
"106.014165","10.364343"
"105.970471","10.50278"
"105.970471","10.50278"
"105.968258","10.501642"
"105.982303","10.49929"
"105.982911","10.493709"
"105.982911","10.493709"
"105.973816","10.477644"
"105.973816","10.477644"
"105.943625","10.495454"
"105.940123","10.462634"
"105.973712","10.511578"
"105.983415","10.531893"
"106.000751","10.518441"
"105.986076","10.51043"
"105.967231","10.509285"
"105.953165","10.508363"
"105.948716","10.509913"
"105.994407","10.411986"
"105.994407","10.411986"
"106.00644","10.401838"
"106.00644","10.401838"
"106.00644","10.401838"
"105.988512","10.45666"
"105.988512","10.45666"
"106.000893","10.456605"
"105.971025","10.421499"
"105.975197","10.44133"
"105.971344","10.445276"
"105.971344","10.445276"
"105.971025","10.421499"
"105.957172","10.432163"
"106.01654","10.396756"
"106.01654","10.396756"
"106.013614","10.393267"
"106.005665","10.39245"
"106.013517","10.386556"
"106.013517","10.386556"
"106.013517","10.386556"
"105.992381","10.379582"
"105.996879","10.38401"
"106.011246","10.380137"
"106.011246","10.380137"
"106.008206","10.370995"
"106.006374","10.365661"
"106.006374","10.365661"
"106.006374","10.365661"
"106.006374","10.365661"
"105.92214","10.2948"
"105.908362","10.283899"
"105.908362","10.283899"
"105.90462","10.288695"
"105.939836","10.304666"
"105.948326","10.313154"
"105.992225","10.342735"
"105.992225","10.342735"
"105.992225","10.342735"
"105.992225","10.342735"
"105.992225","10.342735"
"105.992703","10.370356"
"105.980765","10.360145"
"105.977315","10.351031"
"105.989783","10.362191"
"105.993245","10.362948"
"105.998855","10.363613"
"105.942147","10.350701"
"105.942147","10.350701"
"105.942147","10.350701"
"105.942147","10.350701"
"105.948589","10.353953"
"105.948589","10.353953"
"105.939493","10.371332"
"105.939303","10.360244"
"105.945179","10.349161"
"105.945179","10.349161"
"105.945179","10.349161"
"105.937076","10.393212"
"105.944073","10.362765"
"105.944073","10.362765"
"105.944073","10.362765"
"105.944073","10.362765"
"105.944073","10.362765"
"105.951098","10.348678"
"105.950967","10.258144"
"105.911552","10.360974"
"105.911489","10.360965"
"105.911552","10.360974"
"105.911552","10.360974"
"105.911552","10.360974"
"105.911552","10.360974"
"105.916558","10.377984"
"105.905485","10.376343"
"105.928176","10.341357"
"105.946295","10.336924"
"105.933968","10.34319"
"105.933968","10.34319"
"105.933968","10.34319"
"105.933968","10.34319"
"105.953658","10.337806"
"106.014966","10.415099"
"106.014966","10.415099"
"106.014966","10.415099"
"106.015907","10.415188"
"106.036685","10.397507"
"106.024987","10.413942"
"106.025243","10.413806"
"106.601303","10.400737"
"106.025762","10.401668"
"105.878225","10.351917"
"105.893898","10.348103"
"105.883446","10.362352"
"105.870288","10.377055"
"105.893","10.361914"
"105.884183","10.357025"
"105.878301","10.358927"
"105.89191","10.353784"
"105.89191","10.353784"
"105.881179","10.35888"
"105.872563","10.400415"
"105.849945","10.379911"
"105.894172","10.407515"
"105.894172","10.407515"
"105.863017","10.405393"
"105.938114","10.326157"
"105.938114","10.326157"
"105.952261","10.324737"
"105.952261","10.324737"
"105.948881","10.323754"
"105.931969","10.31358"
"105.931969","10.31358"
"105.931969","10.31358"
"105.915793","10.416142"
"105.912059","10.404296"
"105.936711","10.409754"
"105.896176","10.414931"
"105.912013","10.404323"
"105.904883","10.396784"
"105.901539","10.45106"
"105.901594","10.451169"
"105.836614","10.339052"
"105.836651","10.338934"
"105.862303","10.324302"
"105.854346","10.318959"
"105.854346","10.318959"
"105.854346","10.318959"
"105.854346","10.318959"
"105.835693","10.308726"
"105.826317","10.326646"
"105.97595","10.371553"
"105.961462","10.371047"
"105.961462","10.371047"
"105.964458","10.356674"
"105.969347","10.346894"
"105.973703","10.358811"
"105.942391","10.376206"
"105.966807","10.359449"
"105.966807","10.359449"
"105.957639","10.406151"
"105.957639","10.406151"
"105.937315","10.396911"
"105.938372","10.422813"
"105.938327","10.422795"
"105.938327","10.422795"
"106.036146","10.346896"
"106.076322","10.430462"
"106.076322","10.430462"
"106.069582","10.40605"
"106.069747","10.406059"
"106.091473","10.432771"
"106.093067","10.411398"
"106.081908","10.407665"
"106.091895","10.417305"
"106.091804","10.417214"
"106.091895","10.417305"
"106.091895","10.417305"
"106.091895","10.417305"
"106.078782","10.414994"
"106.080609","10.414395"
"106.08038","10.41388"
"106.08038","10.41388"
"106.077804","10.379849"
"106.077804","10.379849"
"106.077804","10.379849"
"106.095001","10.3507"
"106.095001","10.3507"
"106.095001","10.3507"
"106.095001","10.3507"
"106.072758","10.376011"
"106.090089","10.361196"
"106.067703","10.326933"
"106.051707","10.343463"
"106.061309","10.344982"
"106.061309","10.344982"
"106.063567","10.356267"
"106.063567","10.356267"
"106.059744","10.332982"
"106.057887","10.330108"
"106.068701","10.338382"
"106.083729","10.34136"
"106.080823","10.32265"
"106.080823","10.32265"
"106.081436","10.341218"
"106.091838","10.322377"
"106.091829","10.322404"
"106.158116","10.348645"
"106.158116","10.348645"
"106.146421","10.367599"
"106.146421","10.367599"
"106.159513","10.347721"
"106.14643","10.367716"
"106.132543","10.34287"
"106.132543","10.34287"
"106.132543","10.342925"
"106.139525","10.353616"
"106.143451","10.344648"
"106.14347","10.34482"
"106.143396","10.344648"
"106.127937","10.333488"
"106.120103","10.351423"
"106.120103","10.351423"
"106.108576","10.335708"
"106.108576","10.335708"
"106.09916","10.320126"
"106.099206","10.320126"
"106.099292","10.315188"
"106.112124","10.322789"
"106.112124","10.322789"
"106.119639","10.314089"
"106.122265","10.340974"
"106.122265","10.340974"
"106.122119","10.340793"
"106.186889","10.361695"
"106.186889","10.361695"
"106.186889","10.361695"
"106.186889","10.361695"
"106.186889","10.361695"
"106.167426","10.356782"
"106.171056","10.366717"
"106.185607","10.366426"
"106.015137","10.508598"
"106.015137","10.508598"
"106.015137","10.508598"
"106.001138","10.476746"
"106.001138","10.476746"
"106.001138","10.476746"
"106.028031","10.487007"
"106.017839","10.50477"
"106.053565","10.442206"
"106.049335","10.404315"
"106.049335","10.404315"
"106.049335","10.404315"
"106.038917","10.420224"
"106.038917","10.420224"
"106.023054","10.439376"
"106.100366","10.312166"
"106.100366","10.312166"
"106.100366","10.312166"
"106.139903","10.304324"
"106.150298","10.305569"
"106.170392","10.306719"
"106.170392","10.306719"
"106.148675","10.293008"
"106.133696","10.292158"
"106.158652","10.29674"
"106.100004","10.298844"
"106.11591","10.295353"
"106.127148","10.292356"
"106.088991","10.29948"
"106.091542","10.310547"
"106.059225","10.399611"
"106.059225","10.399611"
"106.054729","10.370222"
"106.054729","10.370222"
"106.048196","10.358859"
"106.048196","10.358859"
"106.048196","10.358859"
"106.041897","10.372839"
"106.056617","10.405221"
"106.056617","10.405221"
"106.056617","10.405221"
"106.056617","10.405221"
"106.073028","10.469528"
"106.072799","10.469483"
"106.073546","10.476057"
"106.066783","10.501785"
"106.066382","10.503332"
"106.066903","10.50325"
"106.065458","10.502311"
"106.094168","10.498248"
"106.094769","10.496248"
"106.14865","10.525298"
"106.065963","10.414347"
"106.065963","10.414347"
"106.065963","10.414347"
"106.065963","10.414347"
"106.07673","10.452919"
"106.127312","10.314324"
"106.127312","10.314324"
"106.127312","10.314324"
"106.148439","10.323488"
"106.148439","10.323488"
"106.148439","10.323488"
"106.132789","10.319735"
"106.121478","10.316248"
"106.15202","10.309709"
"106.151856","10.309528"
"106.132798","10.319744"
"106.132798","10.319744"
"106.132798","10.319744"
"106.176626","10.317491"
"106.17381","10.315505"
"106.183607","10.333047"
"106.16561","10.309655"
"106.083326","10.288705"
"106.061276","10.302447"
"106.061276","10.302447"
"106.031379","10.317298"
"106.074408","10.301828"
"106.032895","10.317179"
"106.010734","10.522321"
"106.025937","10.506527"
"106.022979","10.509957"
"106.031833","10.508393"
"106.022377","10.510744"
"106.037893","10.509039"
"106.037893","10.509039"
"106.042298","10.509135"
"106.041847","10.495478"
"106.039873","10.496041"
"106.051526","10.468897"
"106.028545","10.489783"
"106.028545","10.489783"
"106.30392","10.52738"
"106.278063","10.54184"
"106.222137","10.487954"
"106.194496","10.521095"
"106.207586","10.522804"
"106.19196","10.524689"
"106.185706","10.522563"
"106.185448","10.508021"
"106.186466","10.484632"
"106.186466","10.484632"
"106.186466","10.484632"
"106.186466","10.484632"
"106.197061","10.487294"
"106.317273","10.542396"
"106.321189","10.554653"
"106.33346","10.547965"
"106.333917","10.54801"
"106.333341","10.547658"
"106.333985","10.540096"
"106.339557","10.543577"
"106.224227","10.486441"
"106.224182","10.486631"
"106.224182","10.486631"
"106.214028","10.454811"
"106.214028","10.454811"
"106.214028","10.454811"
"106.261802","10.45784"
"106.222826","10.460206"
"106.222826","10.460206"
"106.236785","10.440831"
"106.236785","10.440831"
"106.228387","10.457846"
"106.228387","10.457846"
"106.237044","10.436697"
"106.237431","10.438741"
"106.149678","10.493181"
"106.112769","10.501682"
"106.136857","10.493649"
"106.162504","10.497027"
"106.149655","10.482084"
"106.159794","10.479449"
"106.324663","10.506"
"106.324663","10.506"
"106.32456","10.524368"
"105.995519","10.5253"
"105.995519","10.5253"
"106.323556","10.505215"
"106.322326","10.477217"
"106.322326","10.477217"
"106.293945","10.477981"
"106.194039","10.470105"
"106.322553","10.476846"
"106.322553","10.476846"
"106.322553","10.476846"
"106.277809","10.440946"
"106.259246","10.476112"
"106.250959","10.499305"
"106.272544","10.48329"
"106.272462","10.48329"
"106.283717","10.513532"
"106.111661","10.56284"
"106.10257","10.55026"
"106.121127","10.559491"
"106.111563","10.549047"
"106.128668","10.522203"
"106.106181","10.526298"
"106.128473","10.549579"
"106.196475","10.562351"
"106.192985","10.525818"
"106.192985","10.525818"
"106.19537","10.538287"
"106.199498","10.535947"
"106.199498","10.535947"
"106.192763","10.568172"
"106.220758","10.572807"
"106.139402","10.554992"
"106.163727","10.543892"
"106.174303","10.551149"
"106.145775","10.535739"
"106.149346","10.547889"
"106.165737","10.576764"
"106.194039","10.470105"
"106.194039","10.470105"
"106.193674","10.470196"
"106.122446","10.385743"
"106.1327","10.366656"
"106.109249","10.365517"
"106.109332","10.365535"
"106.109332","10.365535"
"106.12136","10.387372"
"106.126323","10.358904"
"106.126323","10.358904"
"106.137205","10.390356"
"105.972429","10.39054"
"106.137022","10.390275"
"106.137022","10.390275"
"106.1423","10.373455"
"106.1423","10.373455"
"106.1423","10.373455"
"106.1423","10.373455"
"106.1423","10.373455"
"106.098581","10.374084"
"106.109633","10.461104"
"106.103891","10.473863"
"106.100186","10.494425"
"106.11271","10.490332"
"106.092739","10.494921"
"106.092739","10.494921"
"106.120093","10.466546"
"106.119938","10.466827"
"106.173207","10.464445"
"106.149913","10.448295"
"106.149613","10.449562"
"106.127203","10.43709"
"106.134171","10.43445"
"106.115769","10.449449"
"106.092702","10.494912"
"106.141841","10.44504"
"106.141841","10.44504"
"106.141841","10.44504"
"106.115038","10.449865"
"106.114847","10.450056"
"106.139942","10.409915"
"106.140034","10.410051"
"106.140034","10.410051"
"106.140034","10.410051"
"106.140034","10.410051"
"106.160197","10.402881"
"106.182758","10.393246"
"106.182758","10.393246"
"106.182758","10.393246"
"106.185075","10.391262"
"106.185294","10.391172"
"106.185121","10.391163"
"106.160197","10.402881"
"106.157257","10.383367"
"106.157025","10.380735"
"106.157025","10.380735"
"106.15899","10.374547"
"106.15899","10.374547"
"106.167244","10.384765"
"106.173833","10.387235"
"106.111757","10.409614"
"106.111757","10.409614"
"106.129267","10.406301"
"106.128416","10.405217"
"106.128416","10.405217"
"106.12353","10.406208"
"106.116915","10.406225"
"106.196342","10.438321"
"106.196342","10.438321"
"106.196342","10.438321"
"106.196461","10.438294"
"106.188645","10.441669"
"106.187661","10.430537"
"106.189524","10.449799"
"106.101318","10.452639"
"106.101308","10.452594"
"106.108281","10.42975"
"106.101318","10.452639"
"106.114861","10.4309"
"106.171995","10.419778"
"106.155325","10.415413"
"106.155535","10.415367"
"106.093844","10.394548"
"106.155681","10.415403"
"106.155654","10.415304"
"105.998682","10.378226"
"106.332001","10.347032"
"106.316693","10.353276"
"106.305738","10.342842"
"106.29495","10.342153"
"106.558199","10.359826"
"106.362442","10.355143"
"106.571972","10.404229"
"106.574877","10.39069"
"106.574191","10.389508"
"106.574362","10.390352"
"106.54415","10.342734"
"106.54415","10.342734"
"106.54415","10.342734"
"106.54415","10.342734"
"106.54415","10.342734"
"106.642912","10.461634"
"106.642912","10.461634"
"106.642912","10.461634"
"106.642912","10.461634"
"106.291546","10.343274"
"106.218545","10.377217"
"106.207333","10.399529"
"106.196483","10.440369"
"106.194004","10.407746"
"106.194004","10.407746"
"106.194004","10.407746"
"106.194004","10.407746"
"106.243271","10.389487"
"106.245315","10.328237"
"106.245315","10.328237"
"106.245315","10.328237"
"106.245315","10.328237"
"106.336725","10.397939"
"106.336725","10.397939"
"106.252562","10.402138"
"106.252562","10.402138"
"106.252562","10.402138"
"106.272451","10.369701"
"106.224751","10.40986"
"106.269855","10.335275"
"106.269855","10.335275"
"106.269855","10.335275"
"106.306242","10.422803"
"106.306242","10.422803"
"106.306242","10.422803"
"106.306242","10.422803"
"106.306242","10.422803"
"106.362647","10.48324"
"106.368807","10.486422"
"106.341424","10.477887"
"106.350885","10.464931"
"106.344112","10.450065"
"106.340819","10.44767"
"106.354332","10.499695"
"106.343257","10.461357"
"106.33449","10.440919"
"106.33449","10.440919"
"106.33449","10.440919"
"106.33449","10.440919"
"106.350771","10.390191"
"106.391299","10.368118"
"106.375868","10.373638"
"106.349716","10.359423"
"106.369611","10.362001"
"106.369665","10.347908"
"106.399106","10.358239"
"106.315611","10.332702"
"106.315611","10.332702"
"106.32517","10.367496"
"106.32517","10.367496"
"106.498707","10.336573"
"106.503511","10.329388"
"106.503511","10.329388"
"106.503511","10.329388"
"106.48381","10.372149"
"106.48381","10.372149"
"106.512207","10.397703"
"106.512207","10.397703"
"106.512207","10.397703"
"106.512207","10.397703"
"106.512947","10.395952"
"106.512207","10.397703"
"106.3793","10.463605"
"106.3793","10.463605"
"106.3793","10.463605"
"106.3793","10.463605"
"106.3793","10.463605"
"106.432865","10.35305"
"106.432865","10.35305"
"106.432865","10.35305"
"106.432865","10.35305"
"106.432865","10.35305"
"106.463194","10.350607"
"106.353827","10.418738"
"106.353827","10.418738"
"106.353827","10.418738"
"106.353827","10.418738"
"106.353827","10.418738"
"106.399174","10.458046"
"106.399174","10.458046"
"106.366795","10.441679"
"106.510533","10.398402"
"106.510533","10.398402"
"106.431126","10.462007"
"106.431126","10.462007"
"106.431126","10.462007"
"106.431126","10.462007"
"106.468191","10.349803"
"106.415417","10.471771"
"106.415417","10.471771"
"106.438703","10.34164"
"106.438703","10.34164"
"106.438703","10.34164"
"106.438703","10.34164"
"106.438703","10.34164"
"106.438703","10.34164"
"106.438703","10.34164"
"106.438703","10.34164"
"106.438703","10.34164"
"106.438703","10.34164"
"106.034981","10.369115"
"106.042044","10.380236"
"106.042044","10.380236"
"106.357381","10.354137"
"106.094588","10.498875"
"106.062585","10.305033"
"106.286496","10.522358"
"106.205904","10.484012"
"106.148977","10.551885"
"106.119863","10.466824"
"106.119863","10.466824"
"106.119863","10.466824"
"106.119863","10.466824"
"106.119863","10.466824"
"106.119863","10.466824"
"106.155481","10.466805"
"106.155481","10.466805"
"106.155481","10.466805"
"106.139335","10.405211"
"106.151192","9.914779"
"106.151402","9.915032"
"106.156088","9.931953"
"106.156452","9.931754"
"106.108275","9.944371"
"106.108393","9.944425"
"106.112722","9.912871"
"106.229259","9.929532"
"106.236721","9.942168"
"106.236931","9.942159"
"106.236794","9.942222"
"106.270694","9.9352"
"106.270776","9.935272"
"106.25364","9.920904"
"106.25331","9.920308"
"106.397819","9.883317"
"106.397253","9.883038"
"106.397965","9.88338"
"106.37694","9.916535"
"106.423824","9.907112"
"106.423759","9.906878"
"106.408062","9.860436"
"106.407962","9.860419"
"106.251261","10.064897"
"106.265515","10.010638"
"106.371405","9.774473"
"106.371423","9.774573"
"106.44613","9.777828"
"106.44633","9.777818"
"106.444288","9.751824"
"106.346315","9.647616"
"106.240545","9.67614"
"106.2405","9.676077"
"106.300996","9.69582"
"106.301041","9.695856"
"106.38735","9.770525"
"106.387214","9.770914"
"106.492124","9.771185"
"106.513466","9.770896"
"106.513301","9.77077"
"106.475577","9.74007"
"106.47596","9.739851"
"106.445171","9.709434"
"106.44539","9.709452"
"106.504333","9.695411"
"106.504224","9.695502"
"106.55708","9.678179"
"106.506812","9.652448"
"106.506968","9.652736"
"106.34054","9.71138"
"106.34012","9.711046"
"106.387997","9.715447"
"106.388453","9.715618"
"106.242896","9.654873"
"106.24296","9.654999"
"106.287444","9.622541"
"106.287444","9.622541"
"106.287618","9.622722"
"106.302609","9.641815"
"106.302791","9.64186"
"106.310683","9.664306"
"106.310326","9.663656"
"106.382865","9.659706"
"106.382637","9.659435"
"106.428071","9.669689"
"106.42829","9.669688"
"105.848315","10.04604"
"105.874268","9.998013"
"105.862097","10.047554"
"105.842249","10.022413"
"105.832878","10.08444"
"105.850931","10.110415"
"105.826723","10.107953"
"105.824808","10.146086"
"105.71027","10.156526"
"105.729675","10.12597"
"105.758686","10.186039"
"105.71563","10.143887"
"105.77489","10.174259"
"105.748852","10.160478"
"105.773991","10.147199"
"105.786385","10.13449"
"105.974325","10.271943"
"105.964679","10.313542"
"105.985425","10.274767"
"105.935183","10.162853"
"105.95195","10.167334"
"105.969754","10.187794"
"106.00838","10.16991"
"106.014739","10.156226"
"105.985125","10.227801"
"106.001069","10.21724"
"105.966382","10.210473"
"105.986719","10.183347"
"105.995572","10.193309"
"105.922229","10.169083"
"105.97317","10.21967"
"105.937286","10.238378"
"105.918346","10.208747"
"105.898825","10.171301"
"106.139801","10.207827"
"106.029602","10.174037"
"106.055051","10.18823"
"106.15573","10.162015"
"106.097742","10.198971"
"106.1046","10.190213"
"106.027764","10.210795"
"106.002678","10.213069"
"106.053798","10.244767"
"106.036077","10.246334"
"106.10156","10.238885"
"106.090194","10.210209"
"106.097499","10.161593"
"106.043096","10.152906"
"106.076998","10.127145"
"105.944103","10.003535"
"105.990073","10.113665"
"106.030961","10.090177"
"106.003219","10.086223"
"106.0705","10.101625"
"105.979285","10.021195"
"105.913533","10.079664"
"105.918191","10.089245"
"105.964402","10.104088"
"105.934226","10.102637"
"105.905125","10.033666"
"105.882147","10.110371"
"105.953607","10.131345"
"105.885177","10.148372"
"105.906283","10.11349"
"105.970469","10.152294"
"105.884955","10.092849"
"105.998567","10.046128"
"106.041483","10.045817"
"106.074456","9.948916"
"105.91315","9.957647"
"105.871354","9.954838"
"105.880823","9.985126"
"105.976589","10.018033"
"106.051632","9.987185"
"106.031025","9.955437"
"105.978555","9.914916"
"106.012012","10.013494"
"106.010837","9.956219"
"106.040705","10.082302"
"106.132124","9.988995"
"106.112485","9.942075"
"106.109601","10.034755"
"106.094692","9.990032"
"106.182559","10.16215"
"106.084826","10.115256"
"106.127769","10.16623"
"106.231578","10.117947"
"106.124788","10.031498"
"106.128852","10.127276"
"106.157121","10.114486"
"106.198154","10.058221"
"106.177424","10.029161"
"106.214629","10.05162"
"106.186587","10.133292"
"106.017556","9.399462"
"105.972714","9.382711"
"106.014898","9.685253"
"106.133495","9.585975"
"105.785545","9.702615"
"105.653256","9.40936"
"105.972798","9.464601"
"105.873928","9.335679"
"105.852906","9.625248"
"105.900829","9.703449"
"105.900801","9.703377"
"105.936667","9.65594"
"105.77426","9.613806"
"105.819274","9.605166"
"105.878925","9.729857"
"105.851654","9.68385"
"106.074283","9.362582"
"106.031122","9.330098"
"106.030967","9.330043"
"106.048067","9.621955"
"106.00677","9.466444"
"106.114301","9.353633"
"106.114119","9.353687"
"105.999475","9.524439"
"106.08128","9.505979"
"105.630865","9.451907"
"106.200692","9.49705"
"106.18382","9.446372"
"105.77025","9.440394"
"105.570134","9.465952"
"105.570052","9.465925"
"105.934113","9.299966"
"106.160549","9.528648"
"106.020633","9.531137"
"106.144956","9.550428"
"106.197526","9.499119"
"105.786757","9.496034"
"105.790133","9.52406"
"106.067513","9.620702"
"106.067668","9.620793"
"106.068817","9.626263"
"106.067321","9.476906"
"105.650863","9.624437"
"105.880216","9.894683"
"105.85782","9.764711"
"106.081984","9.656991"
"105.732555","9.423978"
"105.727871","9.434826"
"105.596125","9.56572"
"105.596144","9.56572"
"105.569739","9.538682"
"106.022676","9.604556"
"106.015981","9.59422"
"105.983395","9.787185"
"105.947824","9.622054"
"106.034539","9.620312"
"106.161831","9.364744"
"105.594039","9.601619"
"106.177426","9.644905"
"106.204878","9.494943"
"105.900708","9.823832"
"105.91418","9.789022"
"105.572692","9.585561"
"105.833498","9.319231"
"105.833225","9.319258"
"106.174994","9.470275"
"106.211813","9.605485"
"105.674399","9.523206"
"105.654577","9.613509"
"105.891282","9.373947"
"105.891401","9.373947"
"105.891501","9.373946"
"105.973129","9.427011"
"105.973129","9.427011"
"106.044403","9.426438"
"105.62947","9.546887"
"105.594078","9.476801"
"105.72408","9.678349"
"106.03971","9.780828"
"105.849853","9.567108"
"105.857078","9.617546"
"105.823518","9.562378"
"105.805515","9.5593"
"105.874013","9.543887"
"105.895927","9.703878"
"105.908626","9.602492"
"105.919016","9.677029"
"105.923048","9.540505"
"105.907077","9.530345"
"105.85306","9.504417"
"106.125725","9.596989"
"106.041252","9.778373"
"106.008637","9.67676"
"105.974067","9.855649"
"106.251151","9.570913"
"106.03409","9.624992"
"105.930129","9.611478"
"105.738436","9.479156"
"106.146769","9.660483"
"105.89422","9.930597"
"106.019579","9.759574"
"105.862735","9.755992"
"105.958743","9.83861"
"105.817045","9.506963"
"106.090416","9.51649"
"106.170159","9.547937"
"106.127821","9.48879"
"106.02368","9.541797"
"105.800599","9.455098"
"106.076629","9.412905"
"105.851359","9.716852"
"105.960532","9.693031"
"105.777056","9.709142"
"105.935085","9.647269"
"105.838221","9.281465"
"105.934105","9.76425"
"105.94707","9.758056"
"106.063773","9.532335"
"106.11882","9.527731"
"106.111751","9.513836"
"106.059897","9.656873"
"105.953121","9.605203"
"105.950189","9.667856"
"105.920466","9.630315"
"105.943942","9.656578"
"105.87338","9.513465"
"106.064371","9.648069"
"106.056068","9.685751"
"105.890809","9.286203"
"105.908611","9.620616"
"105.801895","9.700846"
"105.799815","9.67324"
"105.819826","9.712443"
"105.81932","9.60513"
"105.865634","9.677611"
"106.146309","9.369405"
"105.953925","9.318607"
"106.048613","9.549825"
"106.155474","9.671649"
