column_0,Name,Description,AOI Group,geometry,centroid,centroid_lat,centroid_lon,timezone
0,bunge_bom_jesus,,Bunge,"MULTIPOLYGON (((-44.88003186003026 -9.275875873441231, -44.87710028624485 -9.27610852183696, -44.87756626054593 -9.280963122086744, -44.88072153636677 -9.280821412743151, -44.88003186003026 -9.275875873441231)))",POINT (-44.87886371113679 -9.278470271396909),-9.278470271396909,-44.87886371113679,America/Fortaleza
1,bunge_sao_domingos_do_azeitao,,Bunge,"MULTIPOLYGON (((-44.71044934628223 -6.83599050365697, -44.70772300810341 -6.836688290673393, -44.70839123754961 -6.839313427761194, -44.71138634484728 -6.838466569554072, -44.71044934628223 -6.83599050365697)))",POINT (-44.70948769578075 -6.83763809551261),-6.83763809551261,-44.70948769578075,America/Fortaleza
2,bunge_porto_nacional,,Bunge,"MULTIPOLYGON (((-48.39117289160816 -10.67687627523878, -48.39060106728337 -10.67872650942499, -48.39351250605976 -10.67970600210053, -48.39410158906016 -10.67773418843511, -48.39117289160816 -10.67687627523878)))",POINT (-48.39236147806783 -10.67826636733225),-10.67826636733225,-48.39236147806783,America/Araguaina
3,bunge_lem,,Bunge,"MULTIPOLYGON (((-45.82027810338325 -12.09435176062129, -45.81329436267526 -12.09336588116385, -45.81362405273191 -12.09109731784312, -45.81791213291556 -12.09153215082755, -45.81824899410293 -12.08909221045094, -45.82102376313031 -12.08947349227711, -45.82027810338325 -12.09435176062129)))",POINT (-45.81771347563055 -12.09204801748077),-12.092048017480773,-45.81771347563055,America/Bahia
4,bunge_currais,,Bunge,"MULTIPOLYGON (((-44.62975633335662 -8.794672111873638, -44.62738465124218 -8.796337100739109, -44.62869361240445 -8.799884782814104, -44.63103937449247 -8.798219809903316, -44.62975633335662 -8.794672111873638)))",POINT (-44.62921674394464 -8.79727643633994),-8.79727643633994,-44.62921674394464,America/Fortaleza
5,bunge_garganta,,Bunge,"MULTIPOLYGON (((-46.2751528016835 -11.01848023521328, -46.27266817826385 -11.01628960107881, -46.2702423695807 -11.01887009609713, -46.27287750501023 -11.0210396846489, -46.2751528016835 -11.01848023521328)))",POINT (-46.27272260439458 -11.01867014738195),-11.01867014738195,-46.27272260439458,America/Bahia
6,bunge_ouro_verde,,Bunge,"MULTIPOLYGON (((-45.92164159520991 -11.53359003929459, -45.91946313445479 -11.53392726989605, -45.92025272524853 -11.53626406835389, -45.9225364647798 -11.53596651445311, -45.92164159520991 -11.53359003929459)))",POINT (-45.92098031028604 -11.53494402004875),-11.534944020048753,-45.92098031028604,America/Bahia
7,cargill_campos_lindos,,Cargill,"MULTIPOLYGON (((-46.66052965103037 -8.081755791682752, -46.65688799850849 -8.090019965574896, -46.66169579818271 -8.091458076580253, -46.66359845932652 -8.087326025542396, -46.66157304585266 -8.086232240244357, -46.66278011044074 -8.082606523281214, -46.66052965103037 -8.081755791682752)))",POINT (-46.66045738152415 -8.087188073403668),-8.087188073403668,-46.660457381524154,America/Araguaina
8,cargill_balsas,,Cargill,"MULTIPOLYGON (((-46.05655428030491 -7.515259459416536, -46.05628932351706 -7.515133106595853, -46.0530125794447 -7.514534592735274, -46.05472820649342 -7.516680088122769, -46.05766441570712 -7.516665963333, -46.05655428030491 -7.515259459416536)))",POINT (-46.05537500089996 -7.515752950372763),-7.515752950372763,-46.055375000899964,America/Fortaleza
9,cargill_estrondo,,Cargill,"MULTIPOLYGON (((-46.30518157327734 -11.49524809112467, -46.30747152155419 -11.49925615829807, -46.3001516291111 -11.50335496411712, -46.29779549736054 -11.49928210029668, -46.30518157327734 -11.49524809112467)))",POINT (-46.30263780993221 -11.49929077579717),-11.499290775797174,-46.30263780993221,America/Bahia
10,cargill_ouro_verde,,Cargill,"MULTIPOLYGON (((-45.89984995925485 -11.53382556910833, -45.90240410330122 -11.53438571006805, -45.90181397615416 -11.53714122597755, -45.89925061137558 -11.53655398715135, -45.89984995925485 -11.53382556910833)))",POINT (-45.90083123987134 -11.53547832501044),-11.535478325010438,-45.90083123987134,America/Bahia
11,chs_bom_jesus,,CHS,"MULTIPOLYGON (((-44.95987549832364 -9.277373696101236, -44.95815211757895 -9.270103137240895, -44.96480291087357 -9.269995335393048, -44.9668661131881 -9.277110185886386, -44.95987549832364 -9.277373696101236)))",POINT (-44.96242141472304 -9.273679128125826),-9.273679128125826,-44.96242141472304,America/Fortaleza
12,fazenda_bela_vista,,Farm,"MULTIPOLYGON (((-46.17487740668003 -13.64217726825534, -46.16695536203463 -13.64223729589425, -46.16695536203463 -13.64804489731803, -46.17518625832972 -13.6479698646216, -46.17487740668003 -13.64217726825534)))",POINT (-46.17099264871871 -13.6451258467879),-13.645125846787902,-46.17099264871871,America/Bahia
13,fazenda_celeiro_piaui,,Farm,"MULTIPOLYGON (((-45.12458937693043 -9.393606507542628, -45.11479188023353 -9.395760770868876, -45.11731720399263 -9.40469613742242, -45.12722862507277 -9.401961227922087, -45.12458937693043 -9.393606507542628)))",POINT (-45.12093876181212 -9.399037838377366),-9.399037838377366,-45.12093876181212,America/Fortaleza
14,fazenda_chapadao,,Farm,"MULTIPOLYGON (((-46.21355384421861 -11.97486719866569, -46.21000548862301 -11.97567625986721, -46.2108725679964 -11.97965628377789, -46.21452764104674 -11.97882113607781, -46.21355384421861 -11.97486719866569)))",POINT (-46.21224204211176 -11.97726507789523),-11.97726507789523,-46.21224204211176,America/Bahia
15,fazenda_indiana,,Farm,"MULTIPOLYGON (((-45.92036559006169 -12.97610333903155, -45.91846119388495 -12.98056984705509, -45.92624616804844 -12.98348825893544, -45.9279675117039 -12.97902276665797, -45.92036559006169 -12.97610333903155)))",POINT (-45.92324824228817 -12.97980038315085),-12.97980038315085,-45.92324824228817,America/Bahia
16,fazenda_nossa_sra_aparecida,,Farm,"MULTIPOLYGON (((-46.11310073689182 -11.03070381430233, -46.10889485969162 -11.03077788819043, -46.10906878740088 -11.03410273410874, -46.11330072501534 -11.03407005557328, -46.11310073689182 -11.03070381430233)))",POINT (-46.11109574657716 -11.03241513576541),-11.032415135765406,-46.111095746577156,America/Bahia
17,slc_fazenda_panorama,SLC Agricola,SLC Agricola,"MULTIPOLYGON (((-46.09933069600493 -13.40059100188951, -46.08974697381279 -13.40343763873632, -46.0935511994135 -13.41513221808739, -46.10313492161924 -13.41226199877859, -46.09933069600493 -13.40059100188951)))",POINT (-46.09643970983853 -13.40785686366243),-13.407856863662431,-46.09643970983853,America/Bahia
18,fazenda_santa_maria,,Farm,"MULTIPOLYGON (((-46.26866752353107 -10.96616331900172, -46.26494564593801 -10.9663610566125, -46.26555826340542 -10.97772475205353, -46.26932901508002 -10.97756386004512, -46.26866752353107 -10.96616331900172)))",POINT (-46.26712684547938 -10.9719650160018),-10.9719650160018,-46.26712684547938,America/Bahia
19,unnamed_farm_001,,Farm,"MULTIPOLYGON (((-46.1514948221818 -12.62893781245226, -46.14782354933382 -12.6366918174383, -46.15521440125517 -12.63949639961849, -46.15883736787774 -12.63174247969815, -46.1514948221818 -12.62893781245226)))",POINT (-46.1533396056685 -12.63422024562361),-12.634220245623608,-46.1533396056685,America/Bahia
20,bunge_silo_ouro_verde,,Bunge,"MULTIPOLYGON (((-46.00452848623306 -11.56447036396769, -46.00012990983125 -11.57075731213662, -46.00396361642146 -11.57342445964273, -46.0068990874096 -11.57122905436243, -46.00452848623306 -11.56447036396769)))",POINT (-46.00380224780701 -11.56961540097401),-11.569615400974012,-46.00380224780701,America/Bahia
21,fazenda_sao_luis_riachao_das_neves,,Farm,"MULTIPOLYGON (((-45.79806857009332 -11.64986278554261, -45.79692031014843 -11.65115063742688, -45.79553128602155 -11.65016207559737, -45.79698513127435 -11.64869283041764, -45.79806857009332 -11.64986278554261)))",POINT (-45.796851499824 -11.64995789818884),-11.649957898188838,-45.796851499824,America/Bahia
22,cargill_barreiras,Soy & grains,Cargill,"MULTIPOLYGON (((-45.09512621739452 -12.11840876263047, -45.09071868006185 -12.1216579396108, -45.08899520778019 -12.11944980633506, -45.0930878948148 -12.11645343731822, -45.09512621739452 -12.11840876263047)))",POINT (-45.09199184596753 -12.11900742683927),-12.119007426839273,-45.09199184596753,America/Bahia
23,fazenda_grato,,Farm,"MULTIPOLYGON (((-45.94301412934466 -13.26720855257737, -45.94074456171442 -13.27184602308999, -45.93705122805527 -13.27013099253491, -45.93951814939248 -13.2653425631391, -45.94301412934466 -13.26720855257737)))",POINT (-45.94006401060431 -13.26863633830667),-13.268636338306667,-45.94006401060431,America/Bahia
24,cargill_roda_vehla,,Cargill,"MULTIPOLYGON (((-45.95281133122675 -12.7610486576835, -45.95255759074636 -12.76214853540628, -45.94882196700713 -12.76317279223523, -45.94956204340829 -12.76226539713328, -45.95022458799601 -12.76034060886944, -45.95281133122675 -12.7610486576835)))",POINT (-45.9509617281451 -12.76169570543736),-12.761695705437361,-45.9509617281451,America/Bahia
25,franor_fazenda_palmeiras,Grupo Franor,Farm,"MULTIPOLYGON (((-45.70865389464934 -12.65270544592673, -45.70695618867248 -12.65443069024478, -45.70505313506948 -12.65248445336399, -45.70665216419285 -12.65097926716382, -45.70865389464934 -12.65270544592673)))",POINT (-45.70684040637177 -12.65266951655956),-12.652669516559563,-45.70684040637177,America/Bahia
26,slc_fazenda_palmares,SLC Agricola,SLC Agricola,"MULTIPOLYGON (((-46.06273558392672 -11.6663212780015, -46.05602555788948 -11.66858536774994, -46.06059288653667 -11.68007119689235, -46.06707736548023 -11.67800046958462, -46.06273558392672 -11.6663212780015)))",POINT (-46.06159789192505 -11.67320397041146),-11.67320397041146,-46.061597891925054,America/Bahia
27,fazenda_santana,,Farm,"MULTIPOLYGON (((-45.72307575752446 -11.67148448008456, -45.71850842887726 -11.67362428165689, -45.71977713127926 -11.67721358915173, -45.72445723347331 -11.67557079648787, -45.72307575752446 -11.67148448008456)))",POINT (-45.72150118852054 -11.67445017641485),-11.674450176414853,-45.72150118852054,America/Bahia
28,fazenda_triunfo,,Farm,"MULTIPOLYGON (((-45.61878489590664 -11.45740070987653, -45.61713558278403 -11.4636177442113, -45.61255415744346 -11.46223619284547, -45.61418937387271 -11.4564059716927, -45.61878489590664 -11.45740070987653)))",POINT (-45.6156866089245 -11.45993048541517),-11.459930485415171,-45.6156866089245,America/Bahia
29,unnamed_farm_002,,Farm,"MULTIPOLYGON (((-46.07319180622309 -11.52610514328482, -46.07302264590282 -11.52916457751604, -46.07083061008604 -11.5285913679036, -46.07111959229983 -11.52567005255222, -46.07319180622309 -11.52610514328482)))",POINT (-46.07204642394317 -11.5273992702501),-11.5273992702501,-46.07204642394317,America/Bahia
30,unnamed_farm_003,,Farm,"MULTIPOLYGON (((-44.98967467981898 -9.279681287140246, -44.9871437258556 -9.281633811786588, -44.98532571667064 -9.279769238934739, -44.98830226112053 -9.277588027921491, -44.98967467981898 -9.279681287140246)))",POINT (-44.98758500860725 -9.279650322893781),-9.279650322893781,-44.98758500860725,America/Fortaleza
31,fazenda_santa_isabel,,Farm,"MULTIPOLYGON (((-44.94239752920015 -9.343009650304872, -44.93812567501089 -9.34325982094736, -44.93836338663299 -9.347085102016671, -44.94227876843303 -9.346940455139045, -44.94239752920015 -9.343009650304872)))",POINT (-44.94029867115553 -9.345045134122074),-9.345045134122074,-44.94029867115553,America/Fortaleza
32,unnamed_silo_1,,Silo,"MULTIPOLYGON (((-46.33293170888302 -9.097699482207828, -46.33072158006993 -9.100374581175759, -46.33211182238784 -9.104316795819198, -46.33521132073879 -9.106531498939985, -46.33854433757786 -9.101885337976531, -46.33293170888302 -9.097699482207828)))",POINT (-46.3343171493499 -9.10207429984605),-9.10207429984605,-46.3343171493499,America/Fortaleza
33,port_tegram_itaqui,Owned by ALZ,Port,"MULTIPOLYGON (((-44.36539572436003 -2.565906202034121, -44.36465604415243 -2.565104943066716, -44.36341730259993 -2.564552964374916, -44.3621696492377 -2.564392712452038, -44.36255285705609 -2.56822094734092, -44.36367574508211 -2.57120340145554, -44.36618887542603 -2.570660328240147, -44.36539572436003 -2.565906202034121)))",POINT (-44.36412112327756 -2.567815589311322),-2.5678155893113224,-44.36412112327756,America/Fortaleza
34,j&h sementes,,Fertiliser/Seed,"MULTIPOLYGON (((-46.15914696323878 -13.76571316573902, -46.1535503467282 -13.76675186356895, -46.15486929456828 -13.77592682732807, -46.16032332212318 -13.77525170076036, -46.15914696323878 -13.76571316573902)))",POINT (-46.15698542173158 -13.7708819190611),-13.770881919061104,-46.15698542173158,America/Bahia
35,fazenda_delta,,Farm,"MULTIPOLYGON (((-45.97320205321778 -13.77780505380001, -45.97013639067058 -13.78440036540125, -45.96514577722167 -13.78135373541445, -45.96805102719372 -13.7748275817909, -45.97320205321778 -13.77780505380001)))",POINT (-45.96914713004472 -13.77959069258055),-13.779590692580546,-45.969147130044725,America/Bahia
36,fazenda_jatoba,Brasil Agro. Cattle farm.,Farm,"MULTIPOLYGON (((-45.96694596278716 -13.9908376323217, -45.96480712845192 -13.99417551821733, -45.95671520521689 -13.98909084370619, -45.95890751041051 -13.98578747451308, -45.96694596278716 -13.9908376323217)))",POINT (-45.96184287790879 -13.98997479944421),-13.989974799444214,-45.961842877908786,America/Bahia
37,rio_pratudao_agropecuaria,,Farm,"MULTIPOLYGON (((-45.95080667536575 -14.19575059732997, -45.94786577815479 -14.19624305824767, -45.94820442692453 -14.19833384530796, -45.95117205956469 -14.1981092162187, -45.95080667536575 -14.19575059732997)))",POINT (-45.94954151509259 -14.1971046439801),-14.197104643980097,-45.94954151509259,America/Bahia
38,unnamed_farm_004,,Farm,"MULTIPOLYGON (((-45.72524431518909 -14.05500128474265, -45.72205388730567 -14.05273628037474, -45.72036064345693 -14.05527792525405, -45.72358671857927 -14.05743916675806, -45.72524431518909 -14.05500128474265)))",POINT (-45.72280299377127 -14.05510566132688),-14.055105661326875,-45.72280299377127,America/Bahia
39,unnamed_farm_005,,Farm,"MULTIPOLYGON (((-45.63103757453096 -14.15424179753265, -45.62842641428001 -14.15187408471981, -45.62643016890046 -14.15384430114415, -45.62907697639033 -14.15627248702019, -45.63103757453096 -14.15424179753265)))",POINT (-45.62874124614674 -14.15406281810736),-14.154062818107363,-45.62874124614674,America/Bahia
40,fazenda_sao_francisco,,Farm,"MULTIPOLYGON (((-45.95735492834181 -13.7247014960898, -45.95313826700287 -13.72369571514956, -45.95234764300183 -13.72729821966954, -45.95643253367392 -13.72828569855666, -45.95735492834181 -13.7247014960898)))",POINT (-45.95482177152421 -13.72598628463343),-13.725986284633427,-45.95482177152421,America/Bahia
41,fazenda_vale_do_arrojado,,Farm,"MULTIPOLYGON (((-46.01277390593921 -13.76026222181679, -46.0118609234618 -13.76198092198481, -46.00933845641084 -13.76102101121359, -46.00912197602959 -13.75863493023443, -46.0096961196494 -13.75792184384006, -46.01277390593921 -13.76026222181679)))",POINT (-46.01071416803567 -13.7600987992737),-13.760098799273699,-46.01071416803567,America/Bahia
42,apa_nrv_clearing,,National Park,"MULTIPOLYGON (((-46.19202907379646 -14.24041594269394, -46.18747357359994 -14.24052541827703, -46.1881700756961 -14.24402861117477, -46.19218908103477 -14.2439647513742, -46.19202907379646 -14.24041594269394)))",POINT (-46.18996446455652 -14.24219655161522),-14.242196551615221,-46.189964464556525,America/Sao_Paulo
43,unnamed_farm_006,,Farm,"MULTIPOLYGON (((-45.83881780132713 -14.70203519598232, -45.83569295408488 -14.70556752852736, -45.82985739598189 -14.70065138002603, -45.83313283827196 -14.69708255104234, -45.83881780132713 -14.70203519598232)))",POINT (-45.8343595461128 -14.7013267595486),-14.701326759548598,-45.8343595461128,America/Bahia
44,bunge_urucui,Soy processing plant,Bunge,"MULTIPOLYGON (((-44.39993623951039 -7.37605555711538, -44.39580428788585 -7.372116463437969, -44.38915928140083 -7.379154535085629, -44.39312181359657 -7.383196241807614, -44.39993623951039 -7.37605555711538)), ((-44.39634078274371 -7.380722684341902, -44.39481600788453 -7.382262825521389, -44.39657608750592 -7.383849632035576, -44.39808203798411 -7.382272159694003, -44.39634078274371 -7.380722684341902)))",POINT (-44.3946800982902 -7.378023049567718),-7.378023049567718,-44.3946800982902,America/Fortaleza
45,fazenda_celeiro_jaborandi,,Farm,"MULTIPOLYGON (((-45.5500165014196 -14.37364033179528, -45.54753168313057 -14.3800225362787, -45.54271264160036 -14.37670381268906, -45.54489626979374 -14.37152504667954, -45.5500165014196 -14.37364033179528)))",POINT (-45.54636364017829 -14.3755314993285),-14.375531499328503,-45.54636364017829,America/Bahia
46,fazenda_dileta,Grupo Zancanaro,Farm,"MULTIPOLYGON (((-45.49616767844709 -14.31210423526317, -45.49028335366222 -14.31215077971639, -45.49028335366222 -14.31957449651309, -45.49614366079491 -14.31957449651309, -45.49616767844709 -14.31210423526317)))",POINT (-45.49322256803524 -14.31584845965133),-14.315848459651333,-45.49322256803524,America/Bahia
47,fazenda_santa_helena,,Farm,"MULTIPOLYGON (((-46.31882702452111 -12.12365498649594, -46.31558983988138 -12.12586832792457, -46.31689127559803 -12.12748287940803, -46.31994254084967 -12.12528024382965, -46.31882702452111 -12.12365498649594)))",POINT (-46.31779587305252 -12.12557507995279),-12.125575079952792,-46.317795873052525,America/Bahia
48,fazenda_alvorada,,Farm,"MULTIPOLYGON (((-46.03031294350532 -11.98076487310442, -46.0289349527465 -11.9828296191251, -46.02137787644228 -11.9778656420106, -46.02278867650487 -11.97576875964057, -46.03031294350532 -11.98076487310442)))",POINT (-46.02584222823693 -11.97929996440755),-11.979299964407545,-46.02584222823693,America/Bahia
49,fazenda_agronol,,Farm,"MULTIPOLYGON (((-45.72983713715264 -11.9513217945947, -45.72904971386188 -11.95517354226534, -45.73251656362808 -11.95674632346737, -45.73340241483017 -11.95471347528759, -45.72983713715264 -11.9513217945947)))",POINT (-45.73106653572491 -11.95435060278457),-11.954350602784572,-45.731066535724906,America/Bahia
50,fazenda_barcelona_ouro_verde,,Farm,"MULTIPOLYGON (((-46.02055764384792 -11.59615553920478, -46.0185015941443 -11.59420572840545, -46.02033891515605 -11.59249159786787, -46.02226372764452 -11.59444142053161, -46.02055764384792 -11.59615553920478)))",POINT (-46.02040445153415 -11.59432219505911),-11.594322195059112,-46.02040445153415,America/Bahia
51,fazenda_lg_ouro_verde,,Farm,"MULTIPOLYGON (((-46.01769229798436 -11.58593495150011, -46.01576748549589 -11.58754198690287, -46.01851253057889 -11.5904024870521, -46.02029516941766 -11.58872047365774, -46.01769229798436 -11.58593495150011)))",POINT (-46.01805624332325 -11.5881503729549),-11.588150372954896,-46.01805624332325,America/Bahia
52,fazenda_dom_laurindo,,Farm,"MULTIPOLYGON (((-45.84065329478187 -12.08434106097866, -45.83603811938334 -12.08260861302611, -45.83328213786573 -12.08757065623193, -45.83837851638638 -12.08994470470236, -45.84065329478187 -12.08434106097866)))",POINT (-45.83708768308542 -12.08618744130077),-12.086187441300767,-45.83708768308542,America/Bahia
53,loureiro_agro,,Farm,"MULTIPOLYGON (((-45.98421040347585 -12.03634704115717, -45.98090760022856 -12.04248648687075, -45.97266152854491 -12.03784447005832, -45.9761393147457 -12.03226115408376, -45.98421040347585 -12.03634704115717)))",POINT (-45.97850755074823 -12.03727941327152),-12.037279413271516,-45.97850755074823,America/Bahia
54,franor_fazenda_sao_luis,,Farm,"MULTIPOLYGON (((-45.73203635403888 -12.92344472621332, -45.73046055701283 -12.92790879109151, -45.72418682305865 -12.92551169865247, -45.72586570960977 -12.92129161172795, -45.73203635403888 -12.92344472621332)))",POINT (-45.72815529700662 -12.92455707757717),-12.924557077577175,-45.728155297006616,America/Bahia
55,cooproeste_roda_velha,,Silo,"MULTIPOLYGON (((-45.94201154096153 -12.74696203184411, -45.9373585834739 -12.74790039643566, -45.9385305690065 -12.75313811332095, -45.94298236479825 -12.75222535917187, -45.94201154096153 -12.74696203184411)))",POINT (-45.94021581738517 -12.75003764443887),-12.75003764443887,-45.940215817385166,America/Bahia
56,bunge_roda_velha,,Bunge,"MULTIPOLYGON (((-45.94520388961377 -12.76204368872088, -45.94098824016068 -12.76288816668973, -45.94173166381943 -12.76641958946537, -45.94600853639734 -12.76566895300218, -45.94520388961377 -12.76204368872088)))",POINT (-45.94349369011793 -12.76425598100065),-12.764255981000648,-45.94349369011793,America/Bahia
57,horita_fazenda_ventura,,Horita,"MULTIPOLYGON (((-46.16725579031839 -13.13163151076759, -46.15973409212409 -13.12934882231971, -46.16172821676165 -13.14737126234503, -46.16725579031839 -13.13163151076759)))",POINT (-46.16290603306804 -13.13611719847744),-13.136117198477445,-46.16290603306804,America/Bahia
58,fazenda_morro_agudo,,Farm,"MULTIPOLYGON (((-46.17205743253779 -13.11407640967592, -46.16981841540088 -13.11439157780661, -46.16981841540088 -13.11712585733882, -46.17216238646608 -13.11579705239157, -46.17205743253779 -13.11407640967592)))",POINT (-46.17088143697659 -13.11538783510904),-13.115387835109038,-46.17088143697659,America/Bahia
59,fazenda_santa_rosa,,Farm,"MULTIPOLYGON (((-45.86896797995032 -10.98909684534699, -45.86563569272703 -10.98931148993152, -45.86574939281601 -10.99159529864097, -45.86901171075378 -10.99151802720669, -45.86896797995032 -10.98909684534699)))",POINT (-45.86735670638494 -10.99037529529908),-10.990375295299076,-45.86735670638494,America/Bahia
60,fazenda_sao_marcos,,Farm,"MULTIPOLYGON (((-45.78349612459709 -11.01504195051566, -45.78178187710165 -11.01509346069514, -45.78186933870856 -11.01720537029215, -45.78353110923985 -11.01717103041991, -45.78349612459709 -11.01504195051566)))",POINT (-45.78267050215504 -11.01612238494894),-11.016122384948938,-45.782670502155035,America/Bahia
61,fazenda_ouro_verde,,Farm,"MULTIPOLYGON (((-46.15954604966931 -13.56222422947849, -46.15503303075272 -13.56337203466469, -46.15596012378597 -13.56714699926208, -46.16066555823776 -13.5659567015878, -46.15954604966931 -13.56222422947849)))",POINT (-46.15780532467192 -13.5646877873422),-13.564687787342196,-46.15780532467192,America/Bahia
62,alz_correntina,,ALZ,"MULTIPOLYGON (((-46.10233194623875 -13.51730775001467, -46.09903901673857 -13.51701861770099, -46.09828684691916 -13.51156755756708, -46.1016541187852 -13.51189071281326, -46.10233194623875 -13.51730775001467)))",POINT (-46.10032531133113 -13.51443641343194),-13.514436413431941,-46.100325311331126,America/Bahia
63,unnamed_farm_007,,Farm,"MULTIPOLYGON (((-45.76271415352554 -13.87994527037159, -45.75578719425824 -13.87561493355122, -45.75216628373215 -13.88096416140087, -45.75897079674978 -13.88536232295926, -45.76271415352554 -13.87994527037159)))",POINT (-45.75742276588662 -13.88047506737142),-13.880475067371416,-45.757422765886616,America/Bahia
64,unnamed_farm_008,,Farm,"MULTIPOLYGON (((-46.19996533803275 -13.85856026231219, -46.1947526262609 -13.85896785682176, -46.19562724233 -13.86443634729969, -46.20094490803016 -13.86416462410578, -46.19996533803275 -13.85856026231219)))",POINT (-46.1978349056093 -13.86153867723355),-13.861538677233554,-46.1978349056093,America/Bahia
65,fazenda_vacaco,,Farm,"MULTIPOLYGON (((-46.0042525002495 -14.01062807729262, -46.00273941444995 -14.0126392433052, -46.00513586247929 -14.01414124187337, -46.00651775586848 -14.01209614535878, -46.0042525002495 -14.01062807729262)))",POINT (-46.00465258559794 -14.01238184053752),-14.012381840537522,-46.00465258559794,America/Bahia
66,fazenda_tertulia,,Farm,"MULTIPOLYGON (((-46.00466356980196 -14.04403490775736, -46.0010076746331 -14.04191371452109, -45.99959079660116 -14.04403490775736, -46.00322919944863 -14.04634274368553, -46.00466356980196 -14.04403490775736)))",POINT (-46.00213987060843 -14.044097121988),-14.044097121987996,-46.00213987060843,America/Bahia
67,unnamed_farm_009,,Farm,"MULTIPOLYGON (((-46.24044256971086 -10.88442296986566, -46.23693535927377 -10.88459474617637, -46.23715401329104 -10.887789767503, -46.24056501596054 -10.88761799303448, -46.24044256971086 -10.88442296986566)))",POINT (-46.23877341557958 -10.88609900482034),-10.88609900482034,-46.23877341557958,America/Bahia
68,fazenda_sao_francisco_sede,,Farm,"MULTIPOLYGON (((-45.51920354756574 -11.67493574226081, -45.51276637329713 -11.67575800169189, -45.51316869668893 -11.68000630323518, -45.51974580952859 -11.67923544690323, -45.51920354756574 -11.67493574226081)))",POINT (-45.51623048706588 -11.6774900738521),-11.677490073852098,-45.51623048706588,America/Bahia
69,bunge_nova_santa_rosa,,Bunge,"MULTIPOLYGON (((-44.5747659086508 -8.28480463440815, -44.5728316114108 -8.283170633829711, -44.5713690939854 -8.28486688191507, -44.5713061900101 -8.286563122688049, -44.572454187559 -8.287465706540161, -44.5747659086508 -8.28480463440815)))",POINT (-44.57276664139295 -8.285293332246175),-8.285293332246175,-44.572766641392946,America/Fortaleza
70,unnamed_farm_010,,Farm,"MULTIPOLYGON (((-45.44351785013721 -11.38721846517427, -45.44983813245836 -11.39017242209709, -45.44431661921952 -11.39543316506807, -45.43799363465064 -11.39141069955675, -45.44351785013721 -11.38721846517427)))",POINT (-45.44393348055084 -11.39114598485511),-11.39114598485511,-45.44393348055084,America/Bahia
71,unnamed_farm_011,,Farm,"MULTIPOLYGON (((-46.5642111269761 -8.067967628915371, -46.5624480805414 -8.06740903771694, -46.5611434261796 -8.06910226491059, -46.563188560044 -8.069957603785809, -46.5642111269761 -8.067967628915371)))",POINT (-46.56274182873064 -8.068644765320382),-8.068644765320382,-46.562741828730644,America/Araguaina
72,unnamed_farm_012,,Farm,"MULTIPOLYGON (((-46.6454374730641 -8.013455050437207, -46.64250567625388 -8.012491978856616, -46.6415350537434 -8.014542578803431, -46.6417633520489 -8.01694237527547, -46.64433804926026 -8.017153782423112, -46.6454374730641 -8.013455050437207)))",POINT (-46.64332364840428 -8.014911069400613),-8.014911069400613,-46.64332364840428,America/Araguaina
73,fazenda_friere_matriz,,Farm,"MULTIPOLYGON (((-46.144145284771 -11.5394490826866, -46.1432195808635 -11.5391529216018, -46.1416389571848 -11.5393565323812, -46.1418908494045 -11.5413864620725, -46.1428354452284 -11.5415036916061, -46.1434085000283 -11.5413371022542, -46.144145284771 -11.5394490826866)))",POINT (-46.14278560155947 -11.54025558533728),-11.540255585337281,-46.14278560155947,America/Bahia
74,unnamed_farm_013,,Farm,"MULTIPOLYGON (((-46.7323298992841 -8.149227232496971, -46.7296623684113 -8.151364851122411, -46.7326262916033 -8.15482273941813, -46.7355267021555 -8.152999492951979, -46.7323298992841 -8.149227232496971)))",POINT (-46.73255348670849 -8.152087577173729),-8.15208757717373,-46.73255348670849,America/Araguaina
75,fazenda_laranjeiras,,Farm,"MULTIPOLYGON (((-44.5724310552021 -8.704015168429381, -44.5659901916887 -8.701832298320131, -44.5635569765836 -8.70811812130583, -44.5701205232116 -8.710381800182351, -44.5724310552021 -8.704015168429381)))",POINT (-44.56802351496186 -8.706098849770539),-8.70609884977054,-44.56802351496186,America/Fortaleza
76,fazenda_redencao_do_gurguela,,Farm,"MULTIPOLYGON (((-44.9016475971007 -9.29796905066557, -44.8993809318361 -9.29830686572123, -44.9001025640428 -9.301621088026, -44.902239705578 -9.3013015362788, -44.9016475971007 -9.29796905066557)))",POINT (-44.90083942735966 -9.299783378658342),-9.299783378658342,-44.90083942735966,America/Fortaleza
77,fazenda_sao_joao,,Farm,"MULTIPOLYGON (((-44.5836001189288 -9.0144771543728, -44.57942770135769 -9.015337592522245, -44.57940994069755 -9.01800385306897, -44.58407675102611 -9.017997013288802, -44.5836001189288 -9.0144771543728)))",POINT (-44.58173712017177 -9.016468398983331),-9.016468398983331,-44.58173712017177,America/Fortaleza
78,fazenda_uniao,,Farm,"MULTIPOLYGON (((-44.6713180802958 -8.63449522398829, -44.665738434905 -8.636030329505139, -44.66750887616791 -8.641552867673214, -44.67371970316391 -8.639843059763814, -44.6713180802958 -8.63449522398829)))",POINT (-44.6695898146944 -8.638028912816917),-8.638028912816917,-44.6695898146944,America/Fortaleza
79,unnamed_farm_014,,Farm,"MULTIPOLYGON (((-44.7899259347232 -9.25643151280334, -44.7872641687925 -9.25646630889775, -44.7872817963814 -9.259510953822661, -44.7899788174901 -9.259545749612229, -44.7899259347232 -9.25643151280334)))",POINT (-44.78861776306916 -9.257991931556724),-9.257991931556724,-44.78861776306916,America/Fortaleza
80,horita_fazenda_timbauba,,Horita,"MULTIPOLYGON (((-46.19119812981249 -12.52871856701531, -46.19078577171224 -12.52985429893115, -46.18552084239623 -12.52707965391334, -46.18602156294656 -12.52611642819513, -46.19119812981249 -12.52871856701531)))",POINT (-46.18842361813311 -12.52796662330218),-12.527966623302179,-46.18842361813311,America/Bahia
81,horita_fazenda_centuria,,Horita,"MULTIPOLYGON (((-46.04757147263663 -11.23203394324538, -46.04623130881073 -11.23534182895902, -46.04291771693354 -11.23395512166175, -46.04405170170929 -11.23051721440641, -46.04757147263663 -11.23203394324538)))",POINT (-46.0451965791268 -11.2329426420852),-11.232942642085195,-46.045196579126795,America/Bahia
82,horita_fazenda_sagarana,,Horita,"MULTIPOLYGON (((-46.16427225226346 -13.76211362866927, -46.1619306473369 -13.76238540996696, -46.1616213787617 -13.75990360586831, -46.16392616600073 -13.75976056160199, -46.16427225226346 -13.76211362866927)))",POINT (-46.16292831481528 -13.76104633724111),-13.76104633724111,-46.162928314815275,America/Bahia
83,horita_fazenda_querubim,,Horita,"MULTIPOLYGON (((-46.03491232112708 -12.77111897567285, -46.03143673142478 -12.7668675687711, -46.02774023559731 -12.77120515164759, -46.03305670967585 -12.77297176240923, -46.03491232112708 -12.77111897567285)))",POINT (-46.03152451127468 -12.77033878944868),-12.770338789448683,-46.031524511274675,America/Bahia
84,horita_fazenda_acalanto,,Horita,"MULTIPOLYGON (((-45.98333502794017 -12.96434937712714, -45.98167086846406 -12.96451442138771, -45.97906417618734 -12.9613857376479, -45.98100078655112 -12.96007971582948, -45.98320984780259 -12.96183064461485, -45.98333502794017 -12.96434937712714)))",POINT (-45.98152101910348 -12.96234749994745),-12.962347499947446,-45.98152101910348,America/Bahia
85,port_cotegipe,Owned by M Dias Branco,Port,"MULTIPOLYGON (((-38.47911390954215 -12.79106556548608, -38.47702266489075 -12.79307618235724, -38.47472524118922 -12.7915538596276, -38.4715294659121 -12.79220012983274, -38.47055747896145 -12.79145332855805, -38.47285490266298 -12.78833684553985, -38.47680175876561 -12.78681449422432, -38.47800937891641 -12.78743205294016, -38.47911390954215 -12.79106556548608)))",POINT (-38.47534568534429 -12.78999006446396),-12.789990064463964,-38.475345685344294,America/Bahia
86,cibrafertil_candeias,,Fertiliser/Seed,"MULTIPOLYGON (((-38.4775491578223 -12.75328812609593, -38.47623108460893 -12.75351076416898, -38.47516337167073 -12.75544267987114, -38.47628262937147 -12.75606749703542, -38.4775491578223 -12.75328812609593)))",POINT (-38.4763253329184 -12.7546159732363),-12.7546159732363,-38.4763253329184,America/Bahia
87,yara_candeias,,Fertiliser/Seed,"MULTIPOLYGON (((-38.48437883885807 -12.70984841456503, -38.48264104400691 -12.71027940060962, -38.48380448293268 -12.71402176535297, -38.48450401899566 -12.7138709225431, -38.48487955940841 -12.71124911653644, -38.48437883885807 -12.70984841456503)))",POINT (-38.48391300592429 -12.7117166194529),-12.711716619452897,-38.483913005924286,America/Bahia
88,timac_candeias,,Fertiliser/Seed,"MULTIPOLYGON (((-38.48616081493427 -12.71085584330124, -38.48484274172089 -12.71365722840908, -38.48497528539598 -12.71407384201652, -38.48684562392222 -12.71467721223629, -38.48764088597275 -12.71441862517479, -38.48744207046013 -12.71289582936061, -38.48616081493427 -12.71085584330124)))",POINT (-38.48630991697935 -12.71314725607931),-12.71314725607931,-38.48630991697935,America/Bahia
89,fertipar_candeiras,,Farm,"MULTIPOLYGON (((-38.47606172324631 -12.71220984996133, -38.47553523031471 -12.71182914855288, -38.47504187330189 -12.71177168413977, -38.47254195231896 -12.71247921378617, -38.47320467069441 -12.71419595277194, -38.47426870186387 -12.71349920237919, -38.47565304691479 -12.71392299923758, -38.47606172324631 -12.71220984996133)))",POINT (-38.47439442397067 -12.71287381772446),-12.712873817724457,-38.47439442397067,America/Bahia
90,vli_porto_nacional,,Rail,"MULTIPOLYGON (((-48.56335334236193 -10.22641686406498, -48.55996611510968 -10.22325734850001, -48.55637270880729 -10.22372113256919, -48.55793377875833 -10.23299667172721, -48.55940648625931 -10.23466334144683, -48.56167445581082 -10.23606913431792, -48.56335334236193 -10.22641686406498)))",POINT (-48.55992805537571 -10.22891065523953),-10.228910655239533,-48.559928055375714,America/Araguaina
91,vli_palmeirante_1,,Rail,"MULTIPOLYGON (((-48.23279061221728 -8.085941283219636, -48.23081718416597 -8.082383586150479, -48.23212789384184 -8.081771192506265, -48.23366687318037 -8.084548827653162, -48.23379205331794 -8.085161217080882, -48.23350487535525 -8.085693411899838, -48.23279061221728 -8.085941283219636)))",POINT (-48.23242333742247 -8.083828346134046),-8.083828346134046,-48.232423337422475,America/Araguaina
92,vli_palmeirante_2,,Rail,"MULTIPOLYGON (((-48.24064382496626 -8.070423516120924, -48.23981542699694 -8.070999473841511, -48.23876980467124 -8.069431991682571, -48.23677428600742 -8.069424701053673, -48.23499967346874 -8.070569328179989, -48.23484503918114 -8.070306866195473, -48.23543412218153 -8.069351794757454, -48.23592747919436 -8.068994553715864, -48.2397417916219 -8.069125785155594, -48.24064382496626 -8.070423516120924)))",POINT (-48.2379722211675 -8.069706192076906),-8.069706192076906,-48.237972221167496,America/Araguaina
93,fazenda_santa_luzia,,Farm,"MULTIPOLYGON (((-46.68786245863701 -8.276838305399112, -46.68589708297028 -8.277409164308906, -46.68689654022061 -8.279646126713301, -46.68848628094763 -8.278371657108693, -46.68786245863701 -8.276838305399112)))",POINT (-46.68722561854194 -8.278091017566856),-8.278091017566856,-46.68722561854194,America/Araguaina
94,fazenda_planeste_2,,Farm,"MULTIPOLYGON (((-46.6282371197234 -8.439247261038679, -46.62409171985293 -8.438477584575033, -46.62297823056733 -8.442471923337132, -46.62727120130698 -8.443493724289413, -46.6282371197234 -8.439247261038679)))",POINT (-46.62565833426685 -8.440942733021206),-8.440942733021206,-46.62565833426685,America/Fortaleza
95,slc_fazenda_planeste,SLC Agricola,SLC Agricola,"MULTIPOLYGON (((-46.86337117645398 -8.551961684953607, -46.85505354564592 -8.551855553965094, -46.8546779107062 -8.556817146057661, -46.8574951727541 -8.557427390888597, -46.86219060950058 -8.557745779107794, -46.86337117645398 -8.551961684953607)))",POINT (-46.85891705752508 -8.554625570417382),-8.554625570417382,-46.85891705752508,America/Fortaleza
96,abc_inco_porto_franco,,Processor,"MULTIPOLYGON (((-47.40643532890259 -6.458710902867534, -47.40550630320346 -6.460380531150588, -47.40201826447749 -6.460407191836971, -47.40191094020901 -6.455155009506688, -47.40584169154249 -6.45499504370758, -47.40643532890259 -6.458710902867534)))",POINT (-47.40404019513383 -6.457716829698047),-6.457716829698047,-47.40404019513383,America/Fortaleza
97,bunge_porto_franco,,Bunge,"MULTIPOLYGON (((-47.41061762149034 -6.457717788022779, -47.41183508116102 -6.456404740572649, -47.4121939466838 -6.455518264987833, -47.41214028454957 -6.454798419010283, -47.41179148067696 -6.453985258434529, -47.41302570976461 -6.453465368201933, -47.41385747284542 -6.455224994527907, -47.41362940877487 -6.457011275604824, -47.412126869016 -6.458904193449704, -47.41061762149034 -6.457717788022779)))",POINT (-47.41252413522379 -6.456285172910133),-6.456285172910133,-47.41252413522379,America/Fortaleza
98,agrex_porto_franco,,Silo,"MULTIPOLYGON (((-47.40839735068592 -6.451815712969736, -47.4067405322911 -6.452128981245194, -47.40706921286335 -6.453755307051307, -47.41042980402047 -6.453628667114523, -47.41030235645164 -6.453035458568069, -47.40839735068592 -6.451815712969736)))",POINT (-47.40839601695708 -6.452905300187783),-6.4529053001877825,-47.408396016957084,America/Fortaleza
99,agrex_balsas,,Silo,"MULTIPOLYGON (((-46.06205464906507 -7.520572894750177, -46.06128996365207 -7.520479793814761, -46.06104177628118 -7.520699245987723, -46.06111220783239 -7.521759929925971, -46.06144424228803 -7.521696754466207, -46.06205464906507 -7.521420777349923, -46.06224246653493 -7.520998498772015, -46.06205464906507 -7.520572894750177)))",POINT (-46.06157875778494 -7.521072490374383),-7.521072490374383,-46.061578757784936,America/Fortaleza
100,fazenda_cajueiro,,Farm,"MULTIPOLYGON (((-45.97895548030242 -7.230444543747821, -45.97760051141272 -7.230684103000859, -45.97571562894734 -7.232181345704336, -45.97652056096103 -7.233498915126535, -45.97811030168805 -7.234277477074956, -45.97919695990652 -7.231136603561181, -45.97895548030242 -7.230444543747821)))",POINT (-45.97761272679879 -7.232241748009938),-7.232241748009938,-45.97761272679879,America/Fortaleza
101,unnamed_farm_015,,Farm,"MULTIPOLYGON (((-45.85364768907222 -7.299705139536255, -45.85264152405511 -7.298480912080992, -45.85057553188666 -7.299811593939237, -45.8516756056387 -7.301122311699364, -45.85364768907222 -7.299705139536255)))",POINT (-45.8521217220521 -7.299787931147933),-7.299787931147933,-45.852121722052104,America/Fortaleza
102,unnamed_farm_016,,Farm,"MULTIPOLYGON (((-46.36449779155657 -7.875429275915316, -46.36143904990456 -7.875402697909546, -46.36139880330388 -7.878366135046102, -46.36451120709012 -7.878459157393197, -46.36449779155657 -7.875429275915316)))",POINT (-46.36296730500636 -7.876918792001586),-7.876918792001586,-46.362967305006364,America/Fortaleza
103,fazenda_santo_antonio,,Farm,"MULTIPOLYGON (((-46.30237045563371 -7.815631104214343, -46.30063314403752 -7.81674089403278, -46.30212226826283 -7.819226280884959, -46.3039065342265 -7.818076625170331, -46.30237045563371 -7.815631104214343)))",POINT (-46.30226135288316 -7.81742497204945),-7.81742497204945,-46.30226135288316,America/Fortaleza
104,unnamed_farm_017,,Farm,"MULTIPOLYGON (((-46.41775075202849 -7.748327152817881, -46.41463834824225 -7.749058269796503, -46.41504081424908 -7.750786359426468, -46.41639578313879 -7.75086611723814, -46.41838128210588 -7.749762799502072, -46.41775075202849 -7.748327152817881)))",POINT (-46.416444770376 -7.749630687464789),-7.749630687464789,-46.416444770375996,America/Fortaleza
105,unnamed_farm_018,,Farm,"MULTIPOLYGON (((-45.78251182236289 -8.090601546255025, -45.78032509039238 -8.091106262147846, -45.78122393114099 -8.094134544230217, -45.78326309224233 -8.093669677845401, -45.78251182236289 -8.090601546255025)))",POINT (-45.78182645828235 -8.092360008424443),-8.092360008424443,-45.78182645828235,America/Fortaleza
106,unnamed_farm_019,,Farm,"MULTIPOLYGON (((-45.7423054682794 -8.046888100103613, -45.74050107901539 -8.046821682887504, -45.74050107901539 -8.048701285898431, -45.74217131294377 -8.048893894901756, -45.7423054682794 -8.046888100103613)))",POINT (-45.7413802748207 -8.047814931426844),-8.047814931426844,-45.7413802748207,America/Fortaleza
107,unnamed_silo_2,,Silo,"MULTIPOLYGON (((-45.9996958951883 -8.047100635122023, -45.99718719041231 -8.036898828563171, -45.99491996524046 -8.038283659154159, -45.99644933606644 -8.044394126170188, -45.99568465065344 -8.044646513045047, -45.9964627516 -8.047980661746323, -45.9996958951883 -8.047100635122023)))",POINT (-45.99720270422564 -8.042865536955613),-8.042865536955613,-45.99720270422564,America/Fortaleza
108,bunge_luziana,,Bunge,"MULTIPOLYGON (((-47.96011255494908 -16.12641411589953, -47.95950506310493 -16.12623373414216, -47.96052491304936 -16.12450064614563, -47.95873557343567 -16.12389936717707, -47.95961919793626 -16.12208137143563, -47.96254252232571 -16.12296561269232, -47.96011255494908 -16.12641411589953)))",POINT (-47.9605291390967 -16.12380050816888),-16.123800508168877,-47.9605291390967,America/Sao_Paulo
109,amaggi_fazenda_vale_do_araguaia,,ALZ,"MULTIPOLYGON (((-51.99237318597434 -11.71633908358048, -51.98832324034666 -11.72249645552995, -51.99216700692421 -11.72478921234844, -51.99612859010184 -11.71867515186157, -51.99237318597434 -11.71633908358048)))",POINT (-51.99224064251089 -11.72057857644487),-11.720578576444872,-51.99224064251089,America/Cuiaba
110,bunge_coaceral,,Bunge,"MULTIPOLYGON (((-45.60860783659746 -10.55579131118783, -45.60402942245496 -10.55487364394535, -45.60314041000012 -10.55918784867169, -45.60777943862817 -10.56014125595633, -45.60860783659746 -10.55579131118783)))",POINT (-45.60589026375978 -10.55750401819019),-10.557504018190185,-45.605890263759775,America/Bahia
111,cargill_coaceral,,Cargill,"MULTIPOLYGON (((-45.65725702270641 -10.56223476905462, -45.65355953908738 -10.56175409654586, -45.65503449156927 -10.56422498339906, -45.65888957285078 -10.56475729439628, -45.65725702270641 -10.56223476905462)))",POINT (-45.65619404458553 -10.5632508904302),-10.563250890430195,-45.656194044585526,America/Bahia
112,alz_coaceral,,ALZ,"MULTIPOLYGON (((-45.61892038107374 -10.5704259489469, -45.61694030787883 -10.56735130275978, -45.61424094278865 -10.56847947109313, -45.61609170508102 -10.57160971924007, -45.61892038107374 -10.5704259489469)))",POINT (-45.61655575505532 -10.56947881320294),-10.56947881320294,-45.616555755055316,America/Bahia
113,fazenda_boa_esperanca,,Farm,"MULTIPOLYGON (((-44.43299024029234 -8.340592645825648, -44.42839970325274 -8.336610392949554, -44.42261304036479 -8.343423379221157, -44.42734905216972 -8.347341592166188, -44.43299024029234 -8.340592645825648)))",POINT (-44.42782629447498 -8.341993168350871),-8.341993168350871,-44.42782629447498,America/Fortaleza
114,grupo_corringa_lem,,Processor,"MULTIPOLYGON (((-45.87214431975554 -12.09938824710271, -45.8719405363603 -12.10094207723997, -45.86991578941485 -12.10070443321593, -45.86985596309697 -12.10111756807592, -45.86879591552719 -12.10099326207903, -45.86913056899277 -12.09898973391786, -45.87214431975554 -12.09938824710271)))",POINT (-45.87041628678625 -12.10004951330251),-12.10004951330251,-45.870416286786245,America/Bahia
115,mauricea_alimentos_lem_1,,Processor,"MULTIPOLYGON (((-45.87501598301334 -12.10262751571232, -45.87213871103823 -12.10228933205804, -45.87166944835744 -12.10564007340289, -45.87454298118767 -12.10596362885276, -45.87501598301334 -12.10262751571232)))",POINT (-45.87334085753233 -12.10412946920742),-12.104129469207423,-45.873340857532334,America/Bahia
116,mauricea_alimentos_lem_2,,Processor,"MULTIPOLYGON (((-45.87323428048424 -12.11545806998949, -45.87040000867509 -12.11512904245481, -45.87003357247812 -12.11783071379682, -45.87282297454887 -12.11827672457103, -45.87323428048424 -12.11545806998949)))",POINT (-45.87163328690631 -12.11667277329439),-12.11667277329439,-45.87163328690631,America/Bahia
117,alz_portochuelo,,ALZ,"MULTIPOLYGON (((-63.8013452967597 -8.617781862977296, -63.79783050058477 -8.615859454677011, -63.79349309253912 -8.622292090230072, -63.7970228452935 -8.624406702832506, -63.8013452967597 -8.617781862977296)))",POINT (-63.79741834363532 -8.620104397154687),-8.620104397154687,-63.79741834363532,America/Porto_Velho
118,port_bunge_terfron,,Port,"MULTIPOLYGON (((-48.72272487161137 -1.506463709673342, -48.72237339199388 -1.506418855443006, -48.72203686895585 -1.504662064028743, -48.72247060976041 -1.502815562591611, -48.72326330847221 -1.502524009590353, -48.72631445068364 -1.504049055627705, -48.72598540593535 -1.505469440684299, -48.72317356899541 -1.50492371390356, -48.72272487161137 -1.506463709673342)))",POINT (-48.72389408738938 -1.504274365426647),-1.504274365426647,-48.723894087389375,America/Belem
119,port_hbsa_vila_do_conde,,Port,"MULTIPOLYGON (((-48.72626584180036 -1.509880104168076, -48.7249047930688 -1.51121825284655, -48.72218269560566 -1.510635149054455, -48.71913903168397 -1.508960593704754, -48.71993920868549 -1.508639138735618, -48.72220513047487 -1.508721371406663, -48.72610131942622 -1.509461465306163, -48.72626584180036 -1.509880104168076)))",POINT (-48.72303925353228 -1.509771671476245),-1.509771671476245,-48.723039253532285,America/Belem
120,port_bunge_miritituba,,Port,"MULTIPOLYGON (((-55.95016566831599 -4.276430155508365, -55.94753331032965 -4.277697924343233, -55.94487103918439 -4.276922348418845, -55.9449159089228 -4.276370495840714, -55.94862514063081 -4.273849866860629, -55.95016566831599 -4.276430155508365)))",POINT (-55.94764128614583 -4.276051503390054),-4.276051503390054,-55.94764128614583,America/Santarem
121,port_cargill_itaituba,,Port,"MULTIPOLYGON (((-55.93958388834254 -4.272060066085235, -55.93702631325355 -4.270658052569025, -55.93799101262922 -4.268957734867265, -55.94049623969008 -4.270329921376091, -55.93958388834254 -4.272060066085235)))",POINT (-55.93877283937101 -4.270504485955811),-4.2705044859558114,-55.93877283937101,America/Santarem
122,port_hbsa_miritituba,,Port,"MULTIPOLYGON (((-55.94588808658819 -4.273253267059166, -55.94397364441632 -4.272082438620574, -55.94363712137829 -4.272705140592293, -55.94393625296765 -4.276169144125403, -55.94406338389312 -4.276232532634077, -55.94588808658819 -4.273253267059166)))",POINT (-55.94449642078329 -4.273879931225683),-4.273879931225683,-55.94449642078329,America/Santarem
123,port_tgg_santos,"Owned by ALL, Amaggi and Bunge.",Port,"MULTIPOLYGON (((-46.28651448700707 -23.9666414649135, -46.28626770344585 -23.96654237872836, -46.28534039551886 -23.96795349549308, -46.285504917893 -23.96816191578807, -46.28578909290289 -23.96818924957225, -46.28651448700707 -23.9666414649135)))",POINT (-46.2859194017776 -23.9674375200973),-23.967437520097302,-46.285919401777605,America/Sao_Paulo
124,port_teg_santos,Carill and Louis Dreyfus,Port,"MULTIPOLYGON (((-46.28649859564139 -23.97210219200512, -46.28342875770563 -23.97096103602293, -46.28267718958737 -23.9728743453698, -46.28610224628549 -23.97397448525535, -46.28662572656686 -23.97356449639333, -46.28678277065128 -23.97233452167116, -46.28649859564139 -23.97210219200512)))",POINT (-46.28479999756565 -23.97253077276372),-23.972530772763722,-46.28479999756565,America/Sao_Paulo
125,port_cargill_santarem,,Port,"MULTIPOLYGON (((-54.73638185811271 -2.420357916787583, -54.73718951340398 -2.416338180205515, -54.73650151074845 -2.415785278703292, -54.73567889887772 -2.416368066766789, -54.73481889555833 -2.420081466883682, -54.73638185811271 -2.420357916787583)))",POINT (-54.73605060700395 -2.418169620933577),-2.418169620933577,-54.736050607003946,America/Santarem
126,unnamed_farm_020,,Farm,"MULTIPOLYGON (((-45.7624976759922 -10.98798389532286, -45.76261629655808 -10.990044927655, -45.76097043620651 -10.99005975522573, -45.76090371213821 -10.98796906775213, -45.7624976759922 -10.98798389532286)))",POINT (-45.76174535547735 -10.98902009482554),-10.989020094825538,-45.76174535547735,America/Bahia
127,fazenda_parnaiba,,Farm,"MULTIPOLYGON (((-46.08282510036158 -8.514641303763028, -46.08321061720068 -8.515753371568138, -46.08006717220491 -8.51674681880737, -46.08054165446842 -8.518615092719955, -46.07575234912108 -8.520112677364169, -46.0732464896669 -8.512001996172234, -46.0776799333166 -8.510534066669489, -46.07948889694625 -8.515649578572996, -46.08282510036158 -8.514641303763028)))",POINT (-46.07724974651918 -8.515402891583227),-8.515402891583227,-46.07724974651918,America/Fortaleza
128,unnamed_farm_021,,Farm,"MULTIPOLYGON (((-47.28725384357882 -4.832544025224228, -47.28895160042796 -4.833478162180521, -47.28672746481774 -4.837274020288629, -47.28511867339301 -4.836391779829909, -47.28725384357882 -4.832544025224228)))",POINT (-47.28702273108103 -4.834904560026417),-4.834904560026417,-47.28702273108103,America/Fortaleza
129,unnamed_farm_022,,Farm,"MULTIPOLYGON (((-46.15751757896209 -12.52208561262259, -46.16015296714578 -12.5168867104784, -46.15496604403879 -12.51449090303868, -46.15223482355751 -12.51928251791812, -46.15751757896209 -12.52208561262259)))",POINT (-46.15623204237453 -12.51821849978968),-12.518218499789677,-46.15623204237453,America/Bahia
130,unnamed_farm_023,,Farm,"MULTIPOLYGON (((-45.84346915024506 -11.6131971284941, -45.84595480046377 -11.61195729814405, -45.84470299107652 -11.60794432068252, -45.84160042044208 -11.60948961648114, -45.84346915024506 -11.6131971284941)))",POINT (-45.84390306328809 -11.61057619234784),-11.610576192347839,-45.84390306328809,America/Bahia
131,unnamed_farm_024,,Farm,"MULTIPOLYGON (((-45.81914272045399 -11.41509979034089, -45.82392235629623 -11.4167528974743, -45.82286820102276 -11.41969974062516, -45.81807658614331 -11.41799871734295, -45.81914272045399 -11.41509979034089)))",POINT (-45.82100727741582 -11.41739096681253),-11.41739096681253,-45.821007277415816,America/Bahia
132,unnamed_farm_025,,Farm,"MULTIPOLYGON (((-45.82187394093527 -11.41357845261667, -45.82119113581495 -11.41532739204767, -45.82017291765307 -11.41493208382011, -45.82064010010382 -11.41360241069107, -45.82187394093527 -11.41357845261667)))",POINT (-45.82099800610839 -11.41435805909444),-11.414358059094445,-45.82099800610839,America/Bahia
133,fazenda_autralia,,Farm,"MULTIPOLYGON (((-46.17090115827219 -11.36432664117463, -46.17294957363315 -11.36468601229059, -46.1734287351211 -11.3654406916341, -46.17330894474912 -11.36638703557279, -46.17243447503362 -11.36723754721389, -46.16963138032914 -11.36920210931446, -46.16666057910389 -11.36891461242169, -46.1649355977473 -11.36647088883318, -46.16977512877553 -11.36304488419438, -46.17090115827219 -11.36432664117463)))",POINT (-46.16927578815194 -11.3664112631582),-11.366411263158204,-46.16927578815194,America/Bahia
134,slc_fazenda_parceiro,SLC Agricola,SLC Agricola,"MULTIPOLYGON (((-45.45303938559049 -10.56072490974391, -45.44682226528442 -10.55935929950327, -45.44583998423414 -10.56320457044402, -45.45203314646582 -10.56460611779626, -45.45303938559049 -10.56072490974391)))",POINT (-45.4494391064967 -10.56197416775829),-10.561974167758288,-45.4494391064967,America/Bahia
135,unnamed_farm_026,,Farm,"MULTIPOLYGON (((-45.51701343374963 -10.40302088502437, -45.51776811309315 -10.40497346808775, -45.51579756147397 -10.40565627320807, -45.51504288213046 -10.40372165870049, -45.51701343374963 -10.40302088502437)))",POINT (-45.51640663767841 -10.40434209755447),-10.40434209755447,-45.516406637678415,America/Bahia
136,fazenda_di_domenico,,Farm,"MULTIPOLYGON (((-45.74165032881694 -10.62798121409611, -45.74227922826987 -10.62930489770656, -45.73956597634437 -10.63004160849428, -45.7384519258849 -10.62871792488383, -45.73966779816056 -10.62773564383354, -45.74165032881694 -10.62798121409611)))",POINT (-45.74035168485972 -10.62883141449804),-10.628831414498043,-45.740351684859725,America/Bahia
137,fazenda_di_domenico_2,,Farm,"MULTIPOLYGON (((-45.76252979065412 -10.59182847983063, -45.76039752203276 -10.59157692004946, -45.76082876737192 -10.59231962035578, -45.76159542575263 -10.59239149457897, -45.76252979065412 -10.59182847983063)))",POINT (-45.76135292601092 -10.59197695161939),-10.591976951619394,-45.76135292601092,America/Bahia
138,unnamed_farm_027,,Farm,"MULTIPOLYGON (((-45.66426574851373 -10.76005608872964, -45.66530792475002 -10.76185294430944, -45.66257670426873 -10.76288314150852, -45.66173817166482 -10.76113420207752, -45.66426574851373 -10.76005608872964)))",POINT (-45.66348972215333 -10.76148455855798),-10.76148455855798,-45.66348972215333,America/Bahia
139,unnamed_farm_028,,Farm,"MULTIPOLYGON (((-45.68512125227655 -10.75230565166212, -45.68599572199206 -10.75383297890495, -45.68424079304246 -10.75452177354387, -45.68337830236415 -10.75296449870804, -45.68512125227655 -10.75230565166212)))",POINT (-45.68468303108442 -10.75340872529221),-10.753408725292214,-45.68468303108442,America/Bahia
140,unnamed_farm_029,,Farm,"MULTIPOLYGON (((-45.70948298354056 -10.73397011768607, -45.70853291748675 -10.73236664961902, -45.70682768931257 -10.73302805471353, -45.70781069771868 -10.73470639176307, -45.70948298354056 -10.73397011768607)))",POINT (-45.70815789722624 -10.73352105522914),-10.73352105522914,-45.708157897226236,America/Bahia
141,unnamed_farm_030,,Farm,"MULTIPOLYGON (((-45.71948611524009 -10.6112674624447, -45.72038454302999 -10.6129804647641, -45.71807258885065 -10.61429815885595, -45.71711426587476 -10.61233359675537, -45.71948611524009 -10.6112674624447)))",POINT (-45.71874232708521 -10.6127355349682),-10.612735534968204,-45.71874232708521,America/Bahia
142,unnamed_farm_031,,Farm,"MULTIPOLYGON (((-45.6869570397272 -10.59571867216086, -45.68831067093065 -10.59592231579324, -45.68878983241859 -10.59676084839714, -45.68795129981469 -10.59734782121988, -45.6869570397272 -10.59571867216086)))",POINT (-45.68794099532225 -10.59644408207324),-10.596444082073235,-45.68794099532225,America/Bahia
143,unnamed_farm_032,,Farm,"MULTIPOLYGON (((-45.65616295654726 -10.6813835561078, -45.65547116714904 -10.68027250040763, -45.65718613752929 -10.67937128367822, -45.65781204222292 -10.68074288343747, -45.65616295654726 -10.6813835561078)))",POINT (-45.65667363639099 -10.68042286742881),-10.68042286742881,-45.65667363639099,America/Bahia
144,unnamed_farm_033,,Farm,"MULTIPOLYGON (((-45.78763133568983 -10.66500694292348, -45.78648559778027 -10.66581961748724, -45.78941655522333 -10.66820435104318, -45.79006935938111 -10.66685877512614, -45.78763133568983 -10.66500694292348)))",POINT (-45.78840293285131 -10.66650556301142),-10.66650556301142,-45.788402932851305,America/Bahia
145,unnamed_farm_034,,Farm,"MULTIPOLYGON (((-45.79654411082349 -10.73495024554194, -45.79510527716963 -10.73540321169224, -45.79613111227469 -10.7372150762934, -45.79751665579323 -10.73632246652665, -45.79654411082349 -10.73495024554194)))",POINT (-45.7963079322169 -10.73600145859836),-10.736001458598363,-45.7963079322169,America/Bahia
146,unnamed_farm_035,,Farm,"MULTIPOLYGON (((-45.60254137316061 -10.53515220566212, -45.60399352934831 -10.53905570807492, -45.601955181672 -10.53969518969886, -45.60051634801813 -10.53587162248905, -45.60254137316061 -10.53515220566212)))",POINT (-45.60225402101339 -10.53744024641651),-10.53744024641651,-45.602254021013394,America/Bahia
147,unnamed_farm_036,,Farm,"MULTIPOLYGON (((-45.47614882937886 -10.61471271239062, -45.47722129335235 -10.61577185383027, -45.47589570123606 -10.61689094667216, -45.47488318866482 -10.61587843410093, -45.47614882937886 -10.61471271239062)))",POINT (-45.47604321023645 -10.61580910172611),-10.615809101726105,-45.47604321023645,America/Bahia
148,unnamed_farm_037,,Farm,"MULTIPOLYGON (((-45.38262797251105 -10.68190824240621, -45.3842666441724 -10.68292075497745, -45.38246810210507 -10.68463936184179, -45.38105591351886 -10.68346697886457, -45.38262797251105 -10.68190824240621)))",POINT (-45.38262233595316 -10.68324093875716),-10.683240938757157,-45.38262233595316,America/Bahia
149,unnamed_farm_053,,Farm,"MULTIPOLYGON (((-45.50195790804507 -10.56067318453421, -45.50295709808248 -10.56231185619555, -45.50159819963161 -10.56319114342847, -45.49982630263194 -10.56229853366172, -45.50195790804507 -10.56067318453421)))",POINT (-45.5015383156784 -10.56205603548718),-10.562056035487178,-45.501538315678395,America/Bahia
150,unnamed_farm_038,,Farm,"MULTIPOLYGON (((-45.56023067102656 -10.3502570851902, -45.55784593747061 -10.35108308228779, -45.55864528950054 -10.35330794543775, -45.56093676531966 -10.35232207793417, -45.56023067102656 -10.3502570851902)))",POINT (-45.55939811480252 -10.35174612027667),-10.351746120276674,-45.55939811480252,America/Bahia
151,unnamed_farm_039,,Farm,"MULTIPOLYGON (((-45.68663487202541 -10.33205850397556, -45.68410359059731 -10.3327779208025, -45.68514274823621 -10.33508271915545, -45.68770067473197 -10.33437662486235, -45.68663487202541 -10.33205850397556)))",POINT (-45.68589779165436 -10.33357485006734),-10.333574850067338,-45.685897791654355,America/Bahia
152,unnamed_farm_040,,Farm,"MULTIPOLYGON (((-45.75636501410256 -10.29436905576458, -45.75825681390672 -10.29475540924571, -45.75765729988428 -10.29668717665137, -45.75567224234329 -10.29626085556874, -45.75636501410256 -10.29436905576458)))",POINT (-45.75698668418272 -10.29552665635119),-10.295526656351193,-45.75698668418272,America/Araguaina
153,unnamed_farm_042,,Farm,"MULTIPOLYGON (((-45.80082230950022 -10.30213276235523, -45.80103547004153 -10.30381140161808, -45.80187478967295 -10.30373146641508, -45.80204798261277 -10.30405120722705, -45.8017282418008 -10.30455746351267, -45.80070240669573 -10.3052768803396, -45.79733180563621 -10.30592968449738, -45.79719858029789 -10.30214608488907, -45.80082230950022 -10.30213276235523)))",POINT (-45.79920567280835 -10.30389056115991),-10.303890561159909,-45.79920567280835,America/Araguaina
154,alz_lem,,ALZ,"MULTIPOLYGON (((-45.92864486414037 -12.10327222381348, -45.92648489947351 -12.10300526188836, -45.92468897379544 -12.10801686530081, -45.92684893846231 -12.10829596185889, -45.92864486414037 -12.10327222381348)))",POINT (-45.92666704751776 -12.10564843525384),-12.105648435253842,-45.92666704751776,America/Bahia
155,bernardo_alimentos,,Processor,"MULTIPOLYGON (((-62.00615984247088 -10.84697063981404, -62.00819239349167 -10.84959172053339, -62.00652994877615 -10.85051395263834, -62.00449739775537 -10.8479232085014, -62.00615984247088 -10.84697063981404)), ((-62.00452292021918 -10.84881764513441, -62.00363111120549 -10.84952399101384, -62.00474347513654 -10.85098376720926, -62.00563528415022 -10.85033393223488, -62.00452292021918 -10.84881764513441)))",POINT (-62.00591597246468 -10.84903798272775),-10.849037982727749,-62.005915972464685,America/Porto_Velho
156,cargill_campos_de_julio,,Cargill,"MULTIPOLYGON (((-59.26752941681511 -13.71579050883907, -59.26745660901734 -13.71853900320449, -59.26511462485608 -13.71851473393857, -59.26579416430184 -13.71578444152259, -59.26752941681511 -13.71579050883907)))",POINT (-59.2664651931475 -13.71722532974868),-13.71722532974868,-59.2664651931475,America/Cuiaba
157,bunge_campos_de_julio,,Bunge,"MULTIPOLYGON (((-59.26231759195883 -13.7038196934241, -59.2639314981425 -13.7038803665889, -59.26360386305258 -13.7082124305556, -59.26192321638764 -13.70820636323912, -59.26231759195883 -13.7038196934241)))",POINT (-59.26294114889023 -13.70604337613368),-13.706043376133678,-59.262941148890235,America/Cuiaba
158,unnamed_silo_5,,Silo,"MULTIPOLYGON (((-59.26847288452793 -13.70017323621966, -59.26819985528633 -13.703249365675, -59.26455946539836 -13.70323723104204, -59.26479609074108 -13.70014896695374, -59.26847288452793 -13.70017323621966)))",POINT (-59.26650610909801 -13.70169956902025),-13.701699569020251,-59.26650610909801,America/Cuiaba
159,armazens_gerais_delazerri,,Silo,"MULTIPOLYGON (((-59.26445025370171 -13.69883842659407, -59.26428036884027 -13.70103479515981, -59.262241750503 -13.70097412199501, -59.262090067591 -13.70330397152332, -59.25993617024061 -13.70321296177612, -59.26035481507773 -13.69883235927759, -59.26445025370171 -13.69883842659407)))",POINT (-59.26189069147651 -13.70069592086673),-13.700695920866726,-59.26189069147651,America/Cuiaba
160,unnamed_silo_6,,Silo,"MULTIPOLYGON (((-59.26317763407005 -13.72343381077473, -59.26307448968988 -13.72617017050719, -59.26650252350107 -13.72623691098847, -59.26607174403099 -13.72317291616609, -59.26402705837724 -13.72345201272416, -59.26317763407005 -13.72343381077473)))",POINT (-59.26474478249136 -13.72481364648424),-13.724813646484245,-59.264744782491356,America/Cuiaba
161,amaggi_fazenda_agua_quente,,ALZ,"MULTIPOLYGON (((-58.84645006896024 -13.83572770418589, -58.8464015304284 -13.84228040598425, -58.83929063551388 -13.84242602157977, -58.83926636624796 -13.83592185831325, -58.84645006896024 -13.83572770418589)))",POINT (-58.84285643119348 -13.83908336066677),-13.839083360666766,-58.84285643119348,America/Cuiaba
162,fazenda_wilson_rotta,,Farm,"MULTIPOLYGON (((-58.73601277439197 -13.63254540990487, -58.73189913381856 -13.63282450646294, -58.7320083455152 -13.63523929842197, -58.73621906315229 -13.63493593259797, -58.73601277439197 -13.63254540990487)))",POINT (-58.73403262803201 -13.63389118740599),-13.63389118740599,-58.73403262803201,America/Cuiaba
163,amaggi_sapezal,,ALZ,"MULTIPOLYGON (((-58.80900259164594 -13.54039500720718, -58.80464625841332 -13.54045568037198, -58.8046826623122 -13.54484841750347, -58.80896618774705 -13.54473920580683, -58.80900259164594 -13.54039500720718)))",POINT (-58.80682030711946 -13.54260352320394),-13.542603523203935,-58.80682030711946,America/Cuiaba
164,amaggi_fazenda_tucunare,,ALZ,"MULTIPOLYGON (((-58.91246247226231 -13.48154203735154, -58.90809400439673 -13.48212449973361, -58.90508461542267 -13.470499521358, -58.91027823832952 -13.46977144338041, -58.91158877868919 -13.47491652775542, -58.91086070071159 -13.47511068188278, -58.91246247226231 -13.48154203735154)))",POINT (-58.90891717178231 -13.47573975583978),-13.475739755839776,-58.90891717178231,America/Cuiaba
165,fazenda_mirage,,Farm,"MULTIPOLYGON (((-58.52376590928997 -13.60382273368873, -58.52205492604262 -13.59825293716012, -58.52004057697127 -13.5987747263774, -58.52182436801638 -13.60442946533673, -58.52376590928997 -13.60382273368873)))",POINT (-58.52191545898538 -13.60131071121559),-13.60131071121559,-58.521915458985376,America/Cuiaba
166,unnamed_farm_043,,Farm,"MULTIPOLYGON (((-57.40230740039947 -12.97690512376355, -57.40281705498379 -12.97900441526561, -57.40268357402122 -12.98006012833313, -57.400632821051 -12.98035135952417, -57.3996013772494 -12.97765747100706, -57.40230740039947 -12.97690512376355)))",POINT (-57.4013772421184 -12.97866404383941),-12.978664043839407,-57.4013772421184,America/Cuiaba
167,unnamed_silo_3,,Silo,"MULTIPOLYGON (((-57.9150017102729 -13.59265887136561, -57.91440711325786 -13.59480670139952, -57.91082739653469 -13.59428491218224, -57.91148266671452 -13.59214921678129, -57.9150017102729 -13.59265887136561)))",POINT (-57.91292925754687 -13.59347808697964),-13.593478086979644,-57.91292925754687,America/Cuiaba
168,unnamed_farm_044,,Farm,"MULTIPOLYGON (((-57.90260011538788 -13.61584208763555, -57.9023816919946 -13.61758947478178, -57.89910534109541 -13.6170980221469, -57.89942690886885 -13.61546591401379, -57.90260011538788 -13.61584208763555)))",POINT (-57.90089347152706 -13.61650619494794),-13.61650619494794,-57.90089347152706,America/Cuiaba
169,fazenda_colorado,,Farm,"MULTIPOLYGON (((-57.10827310914767 -13.94858585802973, -57.10111367570131 -13.94926539747549, -57.10123502203091 -13.9502604373782, -57.10072536744659 -13.95029684127708, -57.10147771469011 -13.95553900271577, -57.10900118712527 -13.95369453850586, -57.10827310914767 -13.94858585802973)))",POINT (-57.1047544290664 -13.9518286032713),-13.951828603271302,-57.1047544290664,America/Cuiaba
170,fazenda_paiaguas,,Farm,"MULTIPOLYGON (((-57.45527507326978 -14.07774082393872, -57.45846648173824 -14.08096863630606, -57.45568765079042 -14.08371106335501, -57.45239916525828 -14.08054392415247, -57.45527507326978 -14.07774082393872)))",POINT (-57.45544822215466 -14.08073486861546),-14.08073486861546,-57.45544822215466,America/Cuiaba
171,fazenda_falavinha,,Farm,"MULTIPOLYGON (((-57.4759524878335 -14.19758245905096, -57.47227569404665 -14.19721842006216, -57.47172963556345 -14.20096802164678, -57.47432644701688 -14.2013563299015, -57.47445992797943 -14.20021567440327, -57.47563698737655 -14.19990017394631, -57.4759524878335 -14.19758245905096)))",POINT (-57.47372072476283 -14.1991560626342),-14.199156062634197,-57.47372072476283,America/Cuiaba
172,bunge_irantxe,,Bunge,"MULTIPOLYGON (((-58.0927316119207 -12.80632252092942, -58.09490371122053 -12.80731756083214, -58.09377519035526 -12.80982942985484, -58.09166376422024 -12.80888292848397, -58.0927316119207 -12.80632252092942)))",POINT (-58.09327024968475 -12.80808081050515),-12.808080810505151,-58.09327024968475,America/Cuiaba
173,amaggi_irantxe,,ALZ,"MULTIPOLYGON (((-58.09552257750151 -12.80082553219857, -58.09672390616455 -12.80309470856208, -58.09597155892103 -12.80472074937871, -58.09466101856136 -12.80474501864463, -58.09316845870729 -12.80207539939345, -58.09552257750151 -12.80082553219857)))",POINT (-58.09508386417586 -12.80288688533034),-12.802886885330336,-58.095083864175855,America/Cuiaba
174,unnamed_farm_045,,Farm,"MULTIPOLYGON (((-57.47939872359424 -14.01471354034489, -57.48041803276288 -14.01727394789943, -57.47637719998723 -14.01880291165238, -57.47498171719683 -14.01593913827384, -57.47939872359424 -14.01471354034489)))",POINT (-57.47774057679084 -14.01668687075657),-14.016686870756565,-57.47774057679084,America/Cuiaba
175,unnamed_silo_4,,Silo,"MULTIPOLYGON (((-57.47589181466883 -14.05497625250593, -57.4752062079066 -14.05584387876256, -57.47686258530563 -14.05740924641439, -57.47757852865027 -14.05656588942368, -57.47589181466883 -14.05497625250593)))",POINT (-57.47638617404475 -14.05619798676056),-14.056197986760564,-57.47638617404475,America/Cuiaba
176,unnamed_farm_046,,Farm,"MULTIPOLYGON (((-48.12692283393283 -8.196046320691293, -48.12487116372269 -8.197185397333937, -48.12619675583898 -8.199237067544079, -48.12813518451155 -8.197951443029282, -48.12692283393283 -8.196046320691293)))",POINT (-48.12651772834793 -8.197611826229339),-8.19761182622934,-48.126517728347935,America/Araguaina
177,coapa_agroindustrial,,Silo,"MULTIPOLYGON (((-48.17981329324621 -9.013250545951569, -48.17957644953653 -9.014875199250081, -48.17911616101333 -9.015254034799986, -48.17871820322766 -9.015121442402723, -48.17824353068813 -9.016063794455283, -48.17915451839026 -9.016167973928221, -48.17937986797975 -9.01572284322714, -48.18006071142029 -9.015386627134903, -48.18121622740038 -9.015561838400602, -48.18135870717072 -9.013370448756058, -48.17981329324621 -9.013250545951569)))",POINT (-48.18014849131924 -9.014670778992686),-9.014670778992686,-48.18014849131924,America/Araguaina
178,fazenda_santa_matilde,,Farm,"MULTIPOLYGON (((-47.13201266051959 -16.0112478352352, -47.13112005075283 -16.01230697667485, -47.13054052053113 -16.01218707387036, -47.13014750578309 -16.01245352454701, -47.12997431284327 -16.01265336255449, -47.12944807275691 -16.01246018581392, -47.12808917430603 -16.01254678228383, -47.127536289152 -16.01248016961467, -47.12679688852432 -16.01188065559223, -47.12559786047943 -16.0107482402165, -47.12617739070113 -16.01008877479181, -47.13072037473787 -16.01030859660004, -47.13201266051959 -16.0112478352352)))",POINT (-47.12880413409528 -16.01127305604627),-16.01127305604627,-47.12880413409528,America/Sao_Paulo
179,unnamed_farm_047,,Farm,"MULTIPOLYGON (((-46.78075739476959 -15.85526760912909, -46.78299558045338 -15.85684632938819, -46.78405472189304 -15.8555207372719, -46.78647671534182 -15.8571917022389, -46.787213569704 -15.85622571753361, -46.7849939605282 -15.85346240579484, -46.78220955095729 -15.85296281077614, -46.78119037711914 -15.85370887267073, -46.78075739476959 -15.85526760912909)))",POINT (-46.78375561140868 -15.85494612984877),-15.854946129848773,-46.78375561140868,America/Sao_Paulo
180,agropecuaria_vertente,,Farm,"MULTIPOLYGON (((-46.9628697709873 -15.70179201938343, -46.96419536310358 -15.70347731991319, -46.96450844264864 -15.70588869853679, -46.9661651998736 -15.70444804516793, -46.96799345909218 -15.70350118137827, -46.96687436625028 -15.70109646402158, -46.96508160397526 -15.70156783392052, -46.9628697709873 -15.70179201938343)))",POINT (-46.96555876083561 -15.70306215165923),-15.70306215165923,-46.96555876083561,America/Sao_Paulo
181,capul_animal_feed,,Processor,"MULTIPOLYGON (((-46.90272186136883 -16.31945799417363, -46.90225224205125 -16.32060040144973, -46.9000365275082 -16.31940400317238, -46.90103397804614 -16.31777800642686, -46.90272186136883 -16.31945799417363)))",POINT (-46.90143130201021 -16.31926731234801),-16.31926731234801,-46.90143130201021,America/Sao_Paulo
182,coagril_unai,Cooperativa Agricola de Unai Ltda,Silo,"MULTIPOLYGON (((-46.95291450758124 -16.31869194847827, -46.95056308035988 -16.32001087932764, -46.94911092417218 -16.31817903092573, -46.94918419810826 -16.31705327681692, -46.94956389032247 -16.31685343880944, -46.95034325855165 -16.3174596140988, -46.95083619230343 -16.31721980848982, -46.95138241619055 -16.31749292043338, -46.95291450758124 -16.31869194847827)))",POINT (-46.95073450505078 -16.318401241893),-16.318401241892996,-46.95073450505078,America/Sao_Paulo
183,coagris_cristalina,Cooperativa Agricola Serra dos Cristais,Silo,"MULTIPOLYGON (((-47.63045194941283 -16.78075738937659, -47.63382255047235 -16.78381491089106, -47.63662028257708 -16.7808439858465, -47.63313643998 -16.77778646433203, -47.63173091266071 -16.77919199165132, -47.63244366822073 -16.77991140847825, -47.63185081546521 -16.78057087390294, -47.63138452678108 -16.78025779435789, -47.63085828669472 -16.78038435842929, -47.63045194941283 -16.78075738937659)))",POINT (-47.63361089020717 -16.78083552743607),-16.780835527436075,-47.633610890207166,America/Sao_Paulo
184,ideal_agronegocios,,Silo,"MULTIPOLYGON (((-47.62662505156957 -16.77602122859928, -47.6248509683402 -16.77566169463078, -47.6247789062533 -16.7758126217504, -47.62636877604528 -16.77713215089171, -47.62662505156957 -16.77602122859928)))",POINT (-47.62586228755776 -16.77626197623961),-16.776261976239606,-47.62586228755776,America/Sao_Paulo
185,goias_alimentos,,Processor,"MULTIPOLYGON (((-49.51920755458868 -16.32645232443541, -49.51863751053498 -16.32735033673965, -49.51872308426315 -16.32739788148624, -49.51829971950268 -16.3282104613971, -49.51808803712246 -16.32813266140453, -49.51787185086179 -16.32859513915455, -49.51528406837512 -16.32765801374721, -49.51547724511569 -16.32643900190158, -49.51636319361553 -16.32530658652585, -49.51920755458868 -16.32645232443541)))",POINT (-49.5171188904012 -16.32696018822474),-16.32696018822474,-49.5171188904012,America/Sao_Paulo
186,fazenda_serra_branca,,Farm,"MULTIPOLYGON (((-44.72424610889648 -8.012939750386161, -44.71702529555949 -8.011953882882587, -44.71595949285292 -8.019680952505198, -44.72307372591926 -8.020720110144101, -44.72424610889648 -8.012939750386161)))",POINT (-44.72008257647607 -8.016315666281868),-8.016315666281868,-44.720082576476074,America/Fortaleza
187,unnamed_farm_041,,Farm,"MULTIPOLYGON (((-44.56670048506512 -7.978787434907604, -44.56611429357651 -7.979680044674353, -44.56700690334326 -7.980172978426141, -44.56752648216271 -7.979093853185741, -44.56670048506512 -7.978787434907604)))",POINT (-44.56683872018976 -7.979450727959575),-7.979450727959575,-44.56683872018976,America/Fortaleza
188,unnamed_farm_048,,Farm,"MULTIPOLYGON (((-44.86481882462574 -8.050582569728727, -44.86441914861078 -8.048610834721579, -44.86304692762607 -8.048863962864388, -44.8634732487087 -8.050862342939201, -44.86481882462574 -8.050582569728727)))",POINT (-44.86393727710455 -8.049727802033409),-8.04972780203341,-44.86393727710455,America/Fortaleza
189,fazenda_montani,,Farm,"MULTIPOLYGON (((-44.90603874430225 -8.018741713870039, -44.90691967538199 -8.021980098023226, -44.90375795131975 -8.022640147424582, -44.90304633821173 -8.019482598104414, -44.90603874430225 -8.018741713870039)))",POINT (-44.90495278064076 -8.020721305181343),-8.020721305181343,-44.90495278064076,America/Fortaleza
190,unnamed_farm_049,,Farm,"MULTIPOLYGON (((-44.99208899032369 -8.239256293858766, -44.98733284574564 -8.239242971324934, -44.9873594908133 -8.246064108646964, -44.9920490227222 -8.246077431180796, -44.99208899032369 -8.239256293858766)))",POINT (-44.98970760607249 -8.242652183983811),-8.242652183983811,-44.989707606072486,America/Fortaleza
191,unnamed_farm_050,,Farm,"MULTIPOLYGON (((-45.09569833593585 -8.331061874495685, -45.09729703999569 -8.333366672848637, -45.09150173777874 -8.337350110464431, -45.08992967878655 -8.335085279712976, -45.09569833593585 -8.331061874495685)))",POINT (-45.09361500261507 -8.334210198568318),-8.334210198568318,-45.093615002615074,America/Fortaleza
192,fazenda_ipe_insolo,,Farm,"MULTIPOLYGON (((-45.31874419735266 -8.428329694003768, -45.31360169929347 -8.428716047484899, -45.31400682472617 -8.433992028833588, -45.31668571146682 -8.433827303254835, -45.31681182011887 -8.43502128833099, -45.31815397648715 -8.434887633468538, -45.31803687559597 -8.433756020447017, -45.31922925798835 -8.433658965487785, -45.31874419735266 -8.428329694003768)))",POINT (-45.31645694357688 -8.431355974008175),-8.431355974008175,-45.31645694357688,America/Fortaleza
193,fazenda_condominio,,Farm,"MULTIPOLYGON (((-45.45375142457358 -8.40080533910667, -45.45060730658921 -8.401098434850976, -45.45099366007034 -8.405708031556879, -45.45405784285172 -8.405494871015566, -45.45375142457358 -8.40080533910667)))",POINT (-45.45235582454581 -8.403265681881187),-8.403265681881187,-45.45235582454581,America/Fortaleza
194,unnamed_farm_051,,Farm,"MULTIPOLYGON (((-45.03144042463024 -8.714910719265815, -45.02794992076623 -8.713618433484102, -45.02661766738302 -8.71730877535559, -45.03008152617937 -8.718561093535806, -45.03144042463024 -8.714910719265815)))",POINT (-45.02902145549553 -8.716095782754604),-8.716095782754604,-45.02902145549553,America/Fortaleza
195,unnamed_farm_052,,Farm,"MULTIPOLYGON (((-44.32235522268424 -8.377584162637332, -44.32442021542822 -8.379289446967839, -44.32318121978183 -8.380674990486376, -44.32226196494742 -8.380515120080391, -44.3206765834214 -8.378983028689701, -44.32235522268424 -8.377584162637332)))",POINT (-44.32256576818719 -8.37921192420267),-8.37921192420267,-44.32256576818719,America/Fortaleza
196,unnamed_farm_054,,Farm,"MULTIPOLYGON (((-45.27241175531809 -8.183701327778946, -45.26978721615317 -8.184207584064565, -45.27013360203281 -8.187245121778281, -45.27269152852857 -8.187271766845946, -45.27241175531809 -8.183701327778946)))",POINT (-45.27128898286969 -8.185590956580581),-8.185590956580581,-45.27128898286969,America/Fortaleza
197,unnamed_farm_055,,Farm,"MULTIPOLYGON (((-45.21295994809237 -8.14698442453771, -45.20829706125114 -8.147011069605375, -45.20839031898796 -8.150461605867886, -45.21290665795704 -8.150461605867886, -45.21295994809237 -8.14698442453771)))",POINT (-45.21064133838371 -8.148720441705295),-8.148720441705295,-45.21064133838371,America/Fortaleza
198,unnamed_farm_056,,Farm,"MULTIPOLYGON (((-45.42665339075907 -8.156403455956994, -45.42733283998451 -8.158748221911441, -45.42392227132349 -8.158974704986587, -45.42341601503787 -8.156936357310277, -45.42665339075907 -8.156403455956994)))",POINT (-45.42537242503254 -8.157765929355476),-8.157765929355476,-45.42537242503254,America/Fortaleza
199,unnamed_farm_057,,Farm,"MULTIPOLYGON (((-45.21786264054259 -8.242893345594917, -45.21883518551233 -8.239775872678207, -45.22108669372996 -8.24132128660273, -45.2199409558204 -8.244718532729912, -45.21786264054259 -8.242893345594917)))",POINT (-45.21945236827725 -8.242183297016362),-8.242183297016362,-45.219452368277246,America/Fortaleza
200,unnamed_farm_058,,Farm,"MULTIPOLYGON (((-45.20468665458267 -8.071672140784912, -45.20103628031269 -8.071752075987906, -45.20104960284652 -8.0753624826564, -45.20483320245483 -8.075349160122569, -45.20468665458267 -8.071672140784912)))",POINT (-45.20290747428366 -8.073544653002095),-8.073544653002095,-45.20290747428366,America/Fortaleza
201,fazenda_verde_vale,,Farm,"MULTIPOLYGON (((-45.23224764644782 -7.722235400903072, -45.23310028861307 -7.72599235544372, -45.22785121028323 -7.727271318691601, -45.22726501879462 -7.722768302256355, -45.23224764644782 -7.722235400903072)))",POINT (-45.23005056398147 -7.724605107415592),-7.724605107415592,-45.23005056398147,America/Fortaleza
202,unnamed_farm_059,,Farm,"MULTIPOLYGON (((-45.67323017755687 -9.085190563327954, -45.66883374139228 -9.086336301237514, -45.67309695221855 -9.09198505558232, -45.6754017505715 -9.091238993687723, -45.67323017755687 -9.085190563327954)))",POINT (-45.67247266827165 -9.08839891941517),-9.08839891941517,-45.672472668271645,America/Fortaleza
203,slc_parnagua,SLC Agricola,SLC Agricola,"MULTIPOLYGON (((-45.61884759445429 -9.096381491746911, -45.62057952385246 -9.099898640678584, -45.61599657221422 -9.102110181294709, -45.61422467521455 -9.098579709829206, -45.61884759445429 -9.096381491746911)))",POINT (-45.61740838284116 -9.099242155127033),-9.099242155127033,-45.61740838284116,America/Fortaleza
204,unnamed_farm_060,,Farm,"MULTIPOLYGON (((-45.3410527802545 -9.049126464244498, -45.34154571400629 -9.052856773717483, -45.33729582571385 -9.053216482130949, -45.33689614969889 -9.049512817725629, -45.3410527802545 -9.049126464244498)))",POINT (-45.33920166203134 -9.051184412137909),-9.051184412137909,-45.339201662031336,America/Fortaleza
205,novaagri_lem,,Silo,"MULTIPOLYGON (((-45.92417868292053 -12.1086449516284, -45.92184480394809 -12.10833103186056, -45.92121502708251 -12.11283453781681, -45.92358286461141 -12.1131393970701, -45.92417868292053 -12.1086449516284)))",POINT (-45.92270406753642 -12.11074253040846),-12.11074253040846,-45.92270406753642,America/Bahia